id,student_id,amount_due,percent_paid,amount_paid
1,9db9624d-1142-4994-aa1c-818e6ff90728,3819,1,3819
2,03c73294-6500-4490-b0bf-4c250394a695,2973,1,2973
3,f8aa14db-7b2e-433c-a193-7ba5c3307765,5914,1,5914
4,2d1ea53b-b315-4ff5-ae49-ddf7f0a64e19,2462,1,2462
5,7a93a1c6-074f-456c-88cd-c7ed4cd266c5,3882,1,3882
6,797f0044-5d7b-4286-8c5d-9b0622d0c4d9,5333,1,5333
7,260d8597-f836-43e1-b216-89182b457ce9,4809,1,4809
8,df51eb2f-931e-4bd3-a1a3-a09098993faa,2179,1,2179
9,c02b00a0-78d5-4722-a0d2-d2da21cb6e9f,4353,1,4353
10,0ab06385-6d81-4f7e-ac7e-3272b0a56b56,2420,1,2420
11,31650880-34b5-4a5d-ba23-21f4f3468a72,4438,1,4438
12,2ad6ab6b-61d2-4989-846e-813509f1d1b9,5006,1,5006
13,1fcd7590-8bda-4d79-8b9c-26be5c72cf99,4590,1,4590
14,c88b352d-1e79-4134-a0ef-de1b2f99a1d8,3618,1,3618
15,2d23eb3f-85ad-4616-a83f-744c3609925c,5519,1,5519
16,7ba8dcd8-43da-429c-a1c2-b2ac6a1ae079,3200,0,0
17,707440f6-c120-4fa1-b290-278e06c8d110,3774,1,3774
18,a03efc7f-4e93-465e-b198-cebc7f0661e1,2366,0.22,520.52
19,6ef85bd9-3392-49d5-8161-e89219ba6b93,3867,1,3867
20,fc934b31-7138-4d2e-85d2-a2129aeae049,4868,1,4868
21,2a0724ed-567d-42f2-a8f3-d500078c9d6b,3837,1,3837
22,7da82f67-aea3-49ea-9d55-52cc2aa8c2a4,5827,1,5827
23,0d9309f9-6a2f-437a-b28a-6c7cdf5f43bb,2497,0.83,2072.51
24,a2e7ceb4-df90-45f3-b73e-60dac61791fd,4082,0.71,2898.22
25,870d998c-f85d-4511-8926-a8bb38461e5c,3201,1,3201
26,15999336-2c96-4f54-834a-12aa98ed4ff6,4659,1,4659
27,0d0f0781-dda1-4469-b648-4c0f21557ad1,3430,0.9,3087
28,4981ad67-b995-4abc-b75b-2f0139db1d13,3542,1,3542
29,d0e7bd8e-207b-4e39-9fb7-bd98b2d380b2,2969,1,2969
30,85460dc1-e590-4f6c-80c0-9b4d225f2020,2885,1,2885
31,8bc303fa-f556-4daf-84da-84b311f2d335,5024,1,5024
32,372407f5-9579-4729-9dca-11b72954a6c1,2749,1,2749
33,3c99402f-2b81-4da8-bdc2-ca04ec03b121,2280,1,2280
34,2ec52c2e-36e3-4577-933e-e5ff33a6b316,2174,1,2174
35,9d512975-8da6-422a-9861-4945f6f2c5bd,5539,0.42,2326.38
36,722f4cc2-a126-40d0-8831-f2c022197053,2546,1,2546
37,eccd9917-9dfa-4c05-b37a-19e28a5f9b60,2190,1,2190
38,ac5c40ef-cb4c-4bcc-ba3a-0cf6598f3745,2575,1,2575
39,de249bb5-b2c6-44d5-9943-abc45ee92049,3035,0,0
40,9a722075-76ca-4963-ac93-43617fc164b3,3034,1,3034
41,e16f9cf7-c664-436e-ad9c-12a3772b27e3,2084,1,2084
42,3c1b9b24-3a21-4a63-b9da-a99434d3bccf,4401,1,4401
43,abff260c-e2ac-4267-abb2-c8593d99c7de,5398,0,0
44,b015d7b7-2a19-4bb0-bdb0-c0bb14fc1299,3340,1,3340
45,a55a35de-3d39-4802-a412-125b2738a588,5605,0.69,3867.45
46,990967ed-a147-4810-90e1-ccda07fb3f31,4305,1,4305
47,1f97019d-1b0d-4ef5-a877-afd33da609a4,5787,1,5787
48,f1ae3cc1-f09e-440b-9820-d8b28e30640b,4888,0,0
49,732eb879-509e-442c-8879-dcdd37f6f65d,3960,1,3960
50,938f40b8-6ef8-4099-a266-7532e80404c2,5628,0,0
51,5593dc7a-e2ce-4442-ba99-2b55a3ecfaf5,3138,1,3138
52,38d4241f-91ec-49c7-aa27-415eb602a781,4841,0.82,3969.62
53,91d7c03b-2ef0-4938-9be0-1ad249694d87,3000,1,3000
54,7516693c-edc0-4338-9a6e-5769e972b3c8,4948,1,4948
55,849cfff5-6abc-482c-a8a3-905136bef82b,3886,1,3886
56,77b9cb51-6c65-4a0a-8fa3-1e97e34e46c4,5668,0,0
57,cea718c8-e5b7-4b94-9b4d-7c119d265085,2880,0,0
58,d5f2eda9-4e28-4aaf-89c0-b85d1465d9e2,5218,1,5218
59,8721d903-f6af-48db-bb99-b201f9d5f408,2534,1,2534
60,adc3cf35-6be7-4dcf-ad12-74d677580b89,3388,1,3388
61,4ae29546-6796-4bb7-9ba7-f459d99c1d36,4840,0,0
62,7163aa19-3f6a-4158-a133-10476147277c,2778,1,2778
63,cc05f5f0-b252-4b07-b282-f0108124ba3c,2072,1,2072
64,fe141027-7c25-4378-ae73-8d6f9550730c,5134,0,0
65,72e1435a-a615-4976-b007-717e273e422c,4794,1,4794
66,04312c86-5303-48fe-8848-650895b88d41,3251,1,3251
67,422d0edd-32b9-44f4-b110-a38ab3eddf74,2039,1,2039
68,4774c8ea-acf0-4567-a907-6c7c7c8253a2,3166,0.59,1867.94
69,3649a802-d6d8-4572-94b3-f08fb4f5a843,3721,1,3721
70,3fcc99e8-85b4-46be-9fa5-bf7a884068dd,4342,1,4342
71,d8d6e3d6-525b-4c62-828b-8c31d9aec159,4299,1,4299
72,4899c828-3c2d-48a6-9a59-3cfd0aad9ac0,2548,1,2548
73,719672bd-1e47-40c4-b0eb-da240d357d01,2710,0,0
74,b8375409-fec9-4427-a3ce-f609080d1cfd,4196,1,4196
75,7b6a0f1e-f5b6-4dc7-a5bd-7b1b4433e5cb,2036,1,2036
76,26ceee72-4822-4394-a23d-417e73909cfc,3511,1,3511
77,680019d9-6f4b-4333-82c3-341bc164e8f7,4961,1,4961
78,fa5580a3-e78b-4f22-994f-44af1dfa66c3,3647,1,3647
79,d0839670-27bb-43f1-bc85-79e5f6689420,3969,0,0
80,926e20a1-9e17-4582-9440-689a950e5cf5,4564,1,4564
81,eb3a0e23-61b3-4209-bd00-0f00e9a30a85,2211,1,2211
82,c35d40f6-2f64-4767-b07b-d7334e041314,4186,1,4186
83,1da476c0-1066-4331-909e-45798a20a00c,5844,0,0
84,baba43cb-f41e-479c-88ad-5341924933a2,3783,1,3783
85,2ad8fb9c-9539-48b4-8536-5e5c66d76d54,5926,1,5926
86,843a1f5c-4b53-44d1-b8b2-af609963163a,3198,1,3198
87,b5b8409c-b234-406a-aeba-8508fd0495b1,2410,0,0
88,bc01b3f8-3121-4f14-a051-758936ed7bf3,5591,1,5591
89,25c671fe-06d8-4a78-9039-7fc892f10257,2698,0,0
90,cb0f1273-7816-4ad9-b54f-617dbcaea791,4000,1,4000
91,7fb45fc3-c3b8-400f-a661-774705952e42,2451,0,0
92,cc2b73f7-5b89-4f65-ad8f-559f6be28956,4480,1,4480
93,691a1f93-d7c5-4049-9e74-2f858639f8d7,5227,1,5227
94,e7de99c3-37d1-48c4-a7e9-95fa39c3f4cd,3762,1,3762
95,c1a0c357-e65b-4d14-bdef-37ebda0474f1,5187,0,0
96,4aa717f5-0e01-4888-8bd9-e0ab57bd1ebd,5527,1,5527
97,19a778ad-1008-4a1e-9545-0df60c914742,4830,1,4830
98,3519ce88-a46d-452a-86cc-e1e599061fa7,4405,1,4405
99,e107caed-4c90-43a8-b2a9-f010fa34cb9f,3968,1,3968
100,9e2dbd25-c159-4aab-bedc-14218dba5f59,2197,1,2197
101,1755d282-d554-4f43-9ba3-621df2bbc21f,3090,0,0
102,15d5a8b2-a5d5-488f-8e79-aa3f53427661,2415,1,2415
103,3d86929a-ab08-4de1-86ed-d237f31c975f,4001,1,4001
104,296937e6-e33a-40fa-86a5-133f1eb6408a,4447,1,4447
105,f1ff3715-149b-4a93-b246-381807baf9b3,4881,1,4881
106,5e849e5b-7342-4951-bcc8-d16c92027c7f,3050,0,0
107,03efe47f-3bc7-4ed1-9cf5-5395387b40fd,2926,0,0
108,e4229bf8-6bce-4618-b228-72229c7f68c2,4484,1,4484
109,4dff4028-3be7-4b1b-ae72-8495ea9830c0,3508,0.62,2174.96
110,1ced6392-e559-444f-a662-63e17aa49b7a,4399,1,4399
111,fdc9537b-b4cb-480f-8140-0b8a50441124,2786,0.47,1309.42
112,83c6176e-978e-4886-a259-6159efbf322f,2389,1,2389
113,43c8a144-acc1-4112-969b-cafaf4b90d89,2529,1,2529
114,50e23b3b-096d-4184-8b99-55d3195bf692,2481,0,0
115,dd7b2c5e-0228-4b18-aeac-90e32065dab7,3269,1,3269
116,4d3e9983-213c-4369-a754-bafe4a81e8ac,3900,1,3900
117,9e6fd7f7-421f-466b-b357-28cd7ff5cb95,2235,1,2235
118,a5190226-87c8-421e-9d2d-2da0ea8d6cdf,4558,1,4558
119,cc72e008-a562-4318-8184-d21129320fb2,3725,1,3725
120,322735be-c82a-4aaa-a8d7-30ae3b937bf2,4728,1,4728
121,867a82af-37ca-436a-8d7a-9f40ece680ea,5864,1,5864
122,0f423be6-b1d5-4d83-b6b4-30297f2ecd63,4302,1,4302
123,cb5aef61-d4fe-4dbb-8a69-63373f507536,5477,1,5477
124,79bb88d9-4a48-4ac5-a0b9-2c6205c2328e,2657,1,2657
125,05c0da6c-6217-4cf2-9571-c41f526f99e9,5241,1,5241
126,5f1611b1-d32f-485c-9e0c-5e6f4c2f6733,2049,0,0
127,5bba7890-6dcb-477f-af05-b8d749364a0d,2345,1,2345
128,3e770baf-a495-4847-9a26-25fb1b8d976d,5051,1,5051
129,4ac53896-163b-4ec3-b8bd-e297928ad380,2663,1,2663
130,91ebb98a-970b-4ee7-8413-5328353221c4,5744,0,0
131,50657d64-1c5e-4eb5-b441-6b4691e78e63,3144,1,3144
132,56f8066c-207a-476c-835d-cb48ebfd2417,4377,0,0
133,84ffdc44-fe6c-43a5-8691-e0070367dc2a,3170,0.86,2726.2
134,d1b2a938-35fa-441f-8174-ac2b73c8122e,4287,1,4287
135,4148a5d3-50a8-4a0f-af99-18380487e3d7,5169,1,5169
136,f598554f-29a3-4793-977a-420bcb3dca6a,3496,1,3496
137,510cab1d-2e5a-4156-bde8-3bfd064dc8e0,3003,1,3003
138,bd450912-e0c0-40d2-a011-1ca29c1bea6b,5763,0,0
139,cd911f7e-cceb-4d20-ba2c-e53c6d523c86,4437,1,4437
140,667bdd93-5b7c-4f2e-b6ab-d2342c43afe2,4804,0.6,2882.4
141,0411a287-6b21-4141-98ad-1f2c7d8316c5,4830,1,4830
142,263bf8aa-486a-4982-af30-4e6f681aaf66,3707,1,3707
143,5ac729d2-60a4-422c-b9a3-74e0a075b8b4,3743,0.77,2882.11
144,69bad496-c1ad-4b48-afdb-1ae71a69537a,4119,1,4119
145,f766d489-ff65-4396-9b2b-d04df5ba4468,3762,1,3762
146,25cca2e0-85cc-4546-9064-f2c3d06add18,3208,0.79,2534.32
147,db9ffeb4-0691-4c20-9915-06f65f0e2c50,2933,1,2933
148,00bcb22c-835d-44c2-a998-417cc7cdeb9c,2340,0.07,163.8
149,ea6cbe85-b270-4049-8f44-9b3fdbd327c6,3074,1,3074
150,d51f4fa6-0d12-4a3e-958d-13d2f582fb51,3243,0.07,227.01
151,bff8aeb3-6f05-4440-9ba2-c46584984443,2901,1,2901
152,03dccd50-cabf-4387-9560-6c2f3f9c246b,5780,1,5780
153,0b9ccd8e-65a1-4414-ab26-52675b3b7174,3902,0.26,1014.52
154,46472f35-1eff-4185-ba02-2105088be881,3436,0,0
155,0e593084-462c-4341-a005-d9ae260bc067,4169,0.74,3085.06
156,db9a27b7-6325-400a-8a59-e6694997cb99,2955,1,2955
157,90d8d2f5-6be6-4cdc-81be-15843af81a80,3826,1,3826
158,e720313d-3274-47fd-9392-6d0e45e414ff,2820,1,2820
159,ddd19ea9-bd8c-4cd9-909e-1078ea7db034,3539,1,3539
160,9e69e4bf-3218-436a-9ddc-1ba4e7e0e9a3,2022,0,0
161,c72a7f25-bfc4-4f2d-9f15-6f62d2bc6276,2455,1,2455
162,b705cedb-faca-47f5-a262-0ceddd2a40d6,4838,1,4838
163,753d664f-fced-4000-a11f-94779d577727,3913,1,3913
164,20f58f4d-4b55-4f05-b18a-966a23ec8c2c,2401,1,2401
165,cd2ba93f-0048-40d5-99ab-452fb9c22c0a,3265,1,3265
166,7b814d8e-c057-46de-a15d-dca77bf6438e,2099,0,0
167,065fd7a8-1030-46fa-ac2e-cb48664cc038,3664,1,3664
168,31cce666-ee6d-49f6-a40d-a0124b54163f,2297,1,2297
169,5904819b-80cf-46db-9a7a-829ab43ade35,4150,1,4150
170,d9b971ac-be4d-46e7-b7c4-a012e3d65866,2951,1,2951
171,d75d1b4a-f462-4b3d-8d8d-f7e8e7234fa4,4263,1,4263
172,2b6eab82-7587-4bee-9d20-26590cec0350,2446,1,2446
173,3bae2647-e029-409d-92bd-8128e395c937,2335,1,2335
174,66fcfb5f-845b-43bd-a1a9-331e60737708,3041,1,3041
175,b77d0c5b-f73a-41b7-a1b4-76b7a39418da,5071,1,5071
176,dcdf8c8e-deb6-4ca5-99dc-f749a37e615c,2819,1,2819
177,d1494d27-a4f2-4923-99b3-48b436100b85,3057,1,3057
178,ebce8812-3fd1-48f8-8293-01ccb68ac793,5826,0.59,3437.34
179,0510ce27-aa19-4d3f-b24f-bbdb409ec94f,4360,0.37,1613.2
180,ae834c34-3a98-4c73-a7da-f712ea759faf,2834,1,2834
181,ef53e788-4c1c-4fc9-9bbf-06b6d2dad782,2256,1,2256
182,9d6d9615-9c5d-411e-b815-adda07d77d0a,3794,0.09,341.46
183,ff88ded8-b581-4957-bbff-f8ec755dd309,2073,0.21,435.33
184,93b968bf-17c7-42dc-8c99-224514d48dab,2897,1,2897
185,28a21846-fccb-4970-9787-0edfd6e60af5,2466,0.59,1454.94
186,9de1c0f0-daeb-4432-89e9-c7d4c7ef9f56,3692,1,3692
187,f7c86350-6275-46df-9f0d-9d0be8e0009a,3733,1,3733
188,0c0c8abe-bf91-42c5-83b0-45b5a30f8bcd,5838,0.21,1225.98
189,ca7a5c98-f761-4b55-a7ee-767da5975ef0,5272,1,5272
190,233412e8-328c-4c48-95e1-6eb7ca422133,3125,1,3125
191,f147fe13-f9a2-474d-948e-af432b76e27c,2479,1,2479
192,325efc36-b92b-4707-b44a-d034a91f5297,5618,1,5618
193,e5a49e1e-a07a-443a-a2e5-b9c4e94d7381,2094,1,2094
194,e5362064-382a-48c0-953d-15215c70f5a1,2736,1,2736
195,a36a4fbc-2794-4ee7-909d-683c1f25a488,3993,1,3993
196,2a8f1aa9-346d-40c2-bb9a-de0ba71620c3,6000,1,6000
197,e9091be5-5c19-4939-8c0e-327f406b2296,4445,1,4445
198,4a8089a3-a9ed-4cb1-9a5f-cc0599ce04f7,5724,1,5724
199,b6094782-b558-4d4c-bc93-6a365998c672,3519,1,3519
200,cd3ad628-cbd0-48d0-b793-9c42ce4035f9,5018,0.51,2559.18
201,fbf83a88-f3e0-44a8-931f-52ff39b898d6,2123,0,0
202,baf11e60-833b-422b-b653-180cc1f8d4ba,2350,0.13,305.5
203,8e5257c1-672b-415c-b5a4-5dbea99787bb,4325,1,4325
204,127e5dd5-fef7-47e0-9e95-799d9c65ebc9,4880,1,4880
205,a2be0f50-f633-435b-b28c-3b47ffee0226,2535,0.88,2230.8
206,d8e8f9db-7d2a-4007-86cd-989801bf601f,3958,0.2,791.6
207,464a740f-d973-42c0-9630-5e6bcbedde59,5478,0.56,3067.68
208,8fbcf4a7-b79f-4bd9-8dc6-f66400c322e4,2774,1,2774
209,85d66527-2d3d-4c5a-b07a-6b94eb3aebcd,2471,0,0
210,ff64b24a-9de6-4c14-b2a8-d3022dc22693,3696,1,3696
211,fa25da50-c03f-4ff6-89a6-147db65a0f81,5357,1,5357
212,10ffc97c-bf6a-4e70-8862-95e7946c6813,5678,0.57,3236.46
213,e85612dd-3f6b-406f-8b63-a31b15dafc16,3664,0.54,1978.56
214,6d55e810-fa38-47e1-bfb6-0fdaf990bfcf,3950,1,3950
215,4845b9c8-0e73-456c-8010-346a75654c44,2446,1,2446
216,5b8b32d4-d5c5-4b49-a8fb-2e62df27f7f1,3280,0,0
217,9041ce68-5ec4-4344-b13b-889c9db2e868,2880,1,2880
218,2eeb50f9-3cf6-46e0-a510-27bc3946d1b4,5885,1,5885
219,24f9a9b5-f1db-400e-8b2b-be15ff9e6d87,2588,1,2588
220,61bc0588-cab8-41f4-81f1-86b5d05cb913,2159,1,2159
221,fb7e899b-0f50-4dc4-b99c-466c12c26a2c,5030,0.73,3671.9
222,2e3aa973-80e5-4299-a309-84ec041deef0,5574,0.35,1950.9
223,63bf2b55-15d3-4471-9731-a6b214946552,4425,0,0
224,59120325-7d17-4ba9-9bf3-beef3179e83a,3227,1,3227
225,eeef1d65-d66c-4f7e-8a77-72c2b7715d01,3074,0.65,1998.1
226,6aeaead5-c0d6-4c1c-8f55-381eac5a6c77,2679,1,2679
227,249d84a9-7783-4178-a48d-1ea631eb7012,3550,1,3550
228,681cf256-a584-44b3-87ea-9ed2b6b5ac2f,2035,1,2035
229,43f4a939-4a5c-4b71-bb8a-e463d3595ad6,3028,0,0
230,7e7f4f27-0ed9-45a9-9804-7c0e3458c862,5656,1,5656
231,839df985-156e-4f45-9d29-d893f23e0170,4016,1,4016
232,222305c4-ee30-438e-862a-85500e13d757,4419,0.9,3977.1
233,e5a64899-a0c1-4551-9970-dde195f40bce,4848,1,4848
234,273b35ec-785e-4e48-bdf5-9063134b63f7,2242,0,0
235,b3c5337f-5660-4cba-bd0a-a0052e0e9b75,2409,1,2409
236,67f5a41e-1ddd-4a19-a469-f51ff0985c0c,4184,0.59,2468.56
237,ddd0f846-a648-432a-b96c-04082d7c07ec,4427,0.26,1151.02
238,1b946727-2a77-4b8b-8774-3d650548c6a8,4997,0,0
239,faa13a5d-a72d-4910-82ba-8ef093dd85fe,5715,1,5715
240,667cb199-3116-44b6-a6a4-64305c8ca637,2503,1,2503
241,5e0b0233-9574-4978-b77d-8cd644bd7a7b,5059,1,5059
242,b3faaf0e-18dc-4711-b13b-8d7e7fcb0c8e,5279,1,5279
243,1fa03d90-b565-4d6e-ab60-a61c1baad1d2,4666,1,4666
244,f94d0744-f364-4e45-b3f8-ad222a34c31b,2292,1,2292
245,6edd48fb-bc5b-45d3-8f4a-5bc74c604711,5043,1,5043
246,5c34c4f5-5b2c-46f6-9143-ed5e03aaae84,3041,1,3041
247,db459d1c-e832-4a51-bd03-f7974d8a309a,3057,1,3057
248,6a48759d-8c81-4989-9299-1c8478c722ef,5591,1,5591
249,30d3eec4-146f-47f9-865a-d4f8ef793822,3584,1,3584
250,2674e1c8-9514-4e6d-aaf3-79c012173dd8,3901,1,3901
251,36462f1d-2fb8-44b6-aa56-7798709afb5b,4514,1,4514
252,7e96ad7a-12b5-4139-a169-59c89d2be4f4,3256,1,3256
253,fabf0e8c-21ed-4bc5-bca4-37a2158ec0cf,4116,1,4116
254,b644a975-4233-4d97-8e51-a21327164cff,3169,1,3169
255,57af6211-01fc-40cd-9383-057f6d69c8d3,5261,1,5261
256,1907d027-8bb6-48e3-bbae-300c3e86975d,3566,1,3566
257,adcb5201-ac3c-49bd-bd59-519cdf095da1,2329,0,0
258,1af83e5b-bf82-4db8-ba1c-c7191a8e9d3c,2166,1,2166
259,bb1897df-017e-457b-af92-5f96c0286231,4203,0,0
260,51db0a19-6854-43fd-9f6c-4c2f89e535ad,3699,1,3699
261,371b49c5-c767-4b00-8e3b-68875c947e82,2009,0,0
262,77c39473-9b32-4389-b40d-31aaf66412c9,3558,1,3558
263,b75df88c-cb07-4046-908d-69922c3a98d8,5884,1,5884
264,3c058c44-002e-4eb8-a551-8dd27e7e26ef,3769,1,3769
265,543c9bcd-66f7-44a7-ad1c-552e6fc6b32e,3788,0.45,1704.6
266,35599a12-e197-4faa-8881-09a80f55901b,2204,0,0
267,c13c8f75-ba13-41cc-bc74-807239452074,3852,1,3852
268,2365e145-ce59-46d9-bba2-76db99eb068c,5140,1,5140
269,00190731-c2f4-4b49-a8de-fc38ae595994,5342,1,5342
270,1f70c6ab-0920-44d7-a367-3d407f9d5599,4768,1,4768
271,93a0cb87-8e21-42e0-9695-f41fd6ae4554,2880,1,2880
272,d7c73fe8-35ba-4c13-9ec1-bb7d6c75a89a,4242,1,4242
273,04f0257c-9a6a-4e61-a8f7-12dd27a22c5d,2743,1,2743
274,276ee30b-53a8-4477-a4e8-9f434fd00a51,2665,0,0
275,20bc8c59-6d7e-4717-9c91-b16cd792d436,2541,1,2541
276,752c9350-45ab-4e0f-beac-a9e8a9a9fea1,2049,1,2049
277,f1cd1632-c1b7-4320-bee8-a513e5167e75,4233,1,4233
278,e579faf2-bebf-4516-adc1-ce77b8777631,2721,0,0
279,c8cf87e4-7bcd-4388-ad3d-121709ac1914,3769,1,3769
280,691ad79e-b34b-43c2-a0fd-3b0abb217fdb,2511,1,2511
281,d5bb756d-4cd7-4d5d-a83b-28c5fd40b44c,4798,1,4798
282,dd08585d-a252-4828-97f6-3ec83d020212,5266,1,5266
283,26ff7e41-d401-4ec3-9b3e-c70b33b29662,5450,1,5450
284,63e4e904-6b6f-4b36-8f04-9ece8750d6f3,5334,0.77,4107.18
285,f467b51e-fea9-409e-8353-537366ff66e6,2475,0,0
286,8b0ff2a9-d670-4579-a190-36625fb55809,5404,1,5404
287,04295a17-99f1-4148-8c25-d9a78edbde3a,4071,1,4071
288,5b20d954-6af9-4651-a40e-4e9884f24561,3754,1,3754
289,19125851-c464-45e6-a54c-5eaafebde5a4,5800,1,5800
290,b39a2b95-faa7-4c7e-93e0-975710d9483c,2595,1,2595
291,9043994c-81f3-4f62-8be6-175757719442,2489,1,2489
292,97bdebbb-72c0-41a2-8e38-f45b774d783e,5187,1,5187
293,1aa259b0-cda3-4658-8d62-55a5743db351,2751,0,0
294,89f8a9df-261b-4b4f-a838-028521c60636,2730,1,2730
295,1648091b-bd30-4f52-af24-464fec503045,5075,0.53,2689.75
296,3041aaca-e40a-425f-8322-ea5713620a0c,2072,1,2072
297,59dd97a9-6c76-4487-bf53-f65082be91f8,5770,0.99,5712.3
298,57f47657-5f20-4af3-b6a0-59acfea71ee7,4314,1,4314
299,74027a4b-177a-4662-99ed-8a10fba24b15,5776,0.77,4447.52
300,1f18f8e3-2af3-419b-a068-defc5690aa5a,3127,0.92,2876.84
301,f41621dc-7f75-4a44-a058-5d4970f91ee3,2865,1,2865
302,32ab2057-fe9f-40f5-8924-8475de831e49,5168,1,5168
303,8b8aedc9-3872-41c6-bb87-f5cdb309d878,5577,0.81,4517.37
304,aca87ebd-aa95-4ff0-aa15-00fc46591d4e,5608,0.42,2355.36
305,4a71876f-3fd2-4afd-a759-d23d0e1836a1,4666,1,4666
306,9201c4ef-54ef-4114-bfeb-ac31d25af708,4318,0.33,1424.94
307,7c3531a3-d3cf-4603-a579-be343bd20111,2716,1,2716
308,63c75ed1-38d3-46eb-a939-53776245ff19,2034,1,2034
309,6c456886-8ca4-4045-a407-882cb3c9b4f7,4071,1,4071
310,970caf01-f6a0-48bd-b323-43cb32306156,2628,0.41,1077.48
311,51e795c1-d4ae-42b4-bb15-73b51822accb,5797,0.45,2608.65
312,f78d6b97-e92f-4d22-8d23-ecf88910966f,4598,1,4598
313,99c04f04-1026-4cd8-afa8-e2e92dc53df5,4781,1,4781
314,c556a57c-eee0-46bd-b362-47d4d9a502a9,3814,1,3814
315,52cb19db-41c6-43f2-b299-eefaf10f1135,3201,0.2,640.2
316,8b25ec20-f30c-4860-b557-1abf470b670b,5867,1,5867
317,352e4e72-c52e-45fc-a3f2-36ba8d4e0016,3531,1,3531
318,3deec58f-3436-4ba0-a8ac-f5f92f7719c3,5099,0.84,4283.16
319,d9013910-e6b3-489e-b82d-9a7bd5709998,5174,0,0
320,da97bfd0-e878-4b24-ae63-5ee7a539a5e7,2577,0,0
321,a0c63ce6-165e-47a8-81c8-51981f9200cb,3872,1,3872
322,d7efd813-c0a7-40e6-bc92-4cb1b48bbfd7,3078,1,3078
323,bd2607b2-78eb-4a57-8a94-ee28ffa73cf0,2118,0.93,1969.74
324,9c749e31-d90d-4ff5-b194-100b9c5a0d53,3876,1,3876
325,2236dbc5-0fed-41bb-abb9-f1ae8fe4fd5e,4835,1,4835
326,07314c6d-5eec-40a1-9582-ecf6ff56c7ca,2510,1,2510
327,d25355bc-653b-4650-9692-448f659f1a52,3310,1,3310
328,3b3be0d4-21b3-4a3b-a8fa-6e1501ef9924,4619,0.61,2817.59
329,428d86aa-ffc9-4809-b51f-8f3f2098274f,4909,1,4909
330,0fca25da-efd0-4bc1-9771-e7d02235eb2b,2840,0,0
331,3a59d274-accc-48d8-9c5c-730720ef3fea,4174,1,4174
332,7195bfd2-1916-4e7b-b164-9d2a9b2ccefe,4533,1,4533
333,9f7ecbfd-4045-4a95-b0a0-dae604df839b,4463,1,4463
334,0693f01a-1346-41af-a4b6-78109c6c6c85,4034,1,4034
335,62caf22b-fa73-4e73-9803-92f9e2785e6a,2033,0,0
336,fee76825-b09b-4776-a16c-d3d1cf269a48,5892,1,5892
337,712b8d23-1403-48f7-af80-8f1763c4feb6,3676,1,3676
338,386f4941-88b8-45e8-aeb2-aa87884ce5b0,3973,0.9,3575.7
339,b037d4a1-fead-4eef-81cf-b5740ac3af47,3434,1,3434
340,c51ef5f4-7100-47b5-bb0a-21e4acada46c,5662,0,0
341,9b53ba7a-ce06-4d0c-bbbe-7e5d58b394b5,2752,1,2752
342,4c98236f-3414-4761-843d-8fa96aeb7197,2718,1,2718
343,04b3dfab-94fe-46f4-9c04-ec040d647fb7,3238,0.27,874.26
344,db43bc2b-7264-4075-8df8-6101e8a993ad,3337,1,3337
345,c5d4e5d0-5a5a-46e4-867a-ba0500cb7372,2435,1,2435
346,b460851f-4f09-4d4d-94a5-53be967fc255,5991,0,0
347,0703670a-32da-4ef2-87d8-9a9c7fb1968e,5286,1,5286
348,f164db61-fbee-4ff6-b0de-70d43fa43e4b,2322,1,2322
349,1cf4c6ef-6192-4787-b4be-fc4cda616115,3811,1,3811
350,f458c8e1-ff71-44d7-ac5e-3f98ee44ce5a,2821,1,2821
351,d47ea920-ed13-4ac2-bd5b-6296eb627f1b,5243,1,5243
352,961cc844-8dc3-4cbe-a2a5-bae8b8ba60b2,5338,1,5338
353,19439dd2-6b32-4ba2-a890-5bb41bd57cdf,4207,1,4207
354,d8f0c0c7-f9f2-40aa-8a35-efabff1035f1,5661,1,5661
355,77f31a57-8d8c-48bb-b8a7-19d458bf85e2,2071,1,2071
356,4cdd6e64-769c-40cb-9f49-14fcff5ee71e,3053,1,3053
357,8d649527-937c-4f67-8956-7785d7ff7c5c,4684,1,4684
358,fecf3be2-e206-43ac-8e19-e7a6634ec97d,5192,1,5192
359,b725bbc9-532e-408c-bcf7-4574f59c5e86,3804,1,3804
360,e81b8203-3137-41ec-9bc0-8f6c420e0360,3919,1,3919
361,b58b58d1-33f6-4c77-a8dc-cf4624d7dadd,3878,1,3878
362,0f0ae141-da7f-4551-8274-65dc243e2c67,3135,1,3135
363,6c222290-ca4f-467b-9f80-2ed571f4ba84,2056,0,0
364,cb351af7-cbca-4341-bc50-5110669ef752,4292,1,4292
365,646a13b4-7754-43d2-b3e7-79a74f71ed72,2686,1,2686
366,b9b3a7df-338e-4ef0-9d84-f3b35503fd64,3707,0.18,667.26
367,f9f24d8b-c078-4ce8-bcbe-2e473fca3633,2882,1,2882
368,b32c7bbb-ba5a-494b-9f76-b806b8572c1c,5122,1,5122
369,8f5cdba5-e4b2-43ad-aba6-5cb73e302455,2950,1,2950
370,7c6c0c7b-2a11-433c-a902-26acea9e4134,5256,1,5256
371,f1e5476c-5b86-4135-bb6f-26e96fe1cb97,4815,1,4815
372,58d94cf6-fc11-4dcd-9e43-2f67db56424a,2905,0.75,2178.75
373,383d0bbe-1d2c-4508-b584-b3af2598ee82,4532,1,4532
374,49d5208b-6cb9-401b-b211-fe07cb1ea0a0,5065,1,5065
375,3fd730c6-d2bb-4660-9089-57b6b75b1bc9,5308,0.52,2760.16
376,8b54fd03-2720-4a7c-90d0-f81485e262f6,5257,1,5257
377,5441056e-2acb-41ff-848f-a13d97178f90,4990,1,4990
378,1b46e9a9-6de8-4059-bab1-f688668cb4e0,4041,0.66,2667.06
379,d529ae65-f9f2-4ffb-be4b-b6be5d5353bb,3345,1,3345
380,d116c20d-d5d3-4d92-89b0-4d5059b273f1,3908,1,3908
381,0348ec0b-bfff-42ea-937b-8f485fc845e5,2487,1,2487
382,6231d3e3-d0b5-4671-9a24-ada6de9dbf5a,4728,1,4728
383,1fa6ad7f-13ef-4790-bfb7-bd1e663db325,5913,1,5913
384,59bbde15-eacd-44e1-8f76-773d94d88354,5732,1,5732
385,c278da2d-a078-42bc-8722-5bad8290e267,5644,0.84,4740.96
386,5e3883bf-4955-4f0d-b16d-1099f47dc5e0,3713,0.04,148.52
387,6f651bad-f7bb-477b-8a21-0072644c1152,5247,0,0
388,0fccf23d-d9e1-413b-aba2-f3e06a4be069,4511,1,4511
389,38c8fbdf-1ff1-4f85-be6c-da5370fa168d,5183,0,0
390,a68a2b9c-301e-4bac-960b-c49488ee1082,3677,1,3677
391,455bc8bf-9e62-4685-966d-b2cc61f9fcf5,3121,1,3121
392,55e149a8-74ac-4169-8227-31ca26d97280,5977,1,5977
393,9081cb83-8e65-497e-9d69-d56fe22def4f,5879,1,5879
394,462f4753-e261-47d8-b5bc-76a27c5b62ba,4285,1,4285
395,8d11681f-de38-4561-bead-f3478ca3046b,4315,0.99,4271.85
396,15ad24b3-a750-40bc-93a9-7182a03ef6f5,2160,1,2160
397,d340b0ed-8ba7-464c-8096-0daa0d33d4f2,5733,0.45,2579.85
398,47bf5736-353e-4e73-97aa-32ebd4ab2f0d,3200,1,3200
399,0fd43cea-dab0-4069-895b-9389659aa012,5245,0.63,3304.35
400,99314d5a-0181-4e36-8ed6-17a4f460e2f2,3418,0,0
401,75f6eb12-c1d8-43f4-918d-0efeb32b8827,3736,0,0
402,d658753a-c0d8-4df0-b191-fcc1652ec7a9,4841,1,4841
403,e81919f3-fab7-432a-befb-5c9a67e27b43,4806,1,4806
404,e3a85a2b-5f94-4338-95eb-efcf9ea2c5a7,2826,0,0
405,fec54dfd-e6b9-45b5-8822-69efc1d5ce84,3039,0,0
406,95129302-5c10-48ff-aa4a-2ccd69344502,2314,1,2314
407,6c593966-d048-45dc-97db-81f893d8bef1,4383,0.58,2542.14
408,5eb7357e-799b-494e-8a9f-8a3d17f93256,2679,1,2679
409,3b0e1c6d-ad12-40f3-aada-d8eaef35bd0a,5613,1,5613
410,cb992a29-69a3-4aff-84bb-6b5076b52660,4996,1,4996
411,a37800e7-c136-4b3b-8699-93381325cd25,5427,1,5427
412,a952f49f-7250-4342-b422-166da10fa73d,4887,1,4887
413,fc291e20-e110-43e0-b660-8a16ff678f9f,2428,1,2428
414,def90527-14bd-4631-90f7-5b339dd43448,2670,1,2670
415,cfd2c9ea-bdbd-4485-baee-1def21bc8d03,2935,0.31,909.85
416,5692c807-907f-409a-be23-8abd826a91ad,4274,1,4274
417,df5b1b50-de26-41e5-8603-a014da688267,5702,0,0
418,9fd04284-6a1e-40bd-baf0-73ec2b75a874,2774,1,2774
419,8006efa3-f22a-42dc-93e3-3ebf477d535c,4198,1,4198
420,12d37696-9a9d-4230-971b-5a5c3d9f145c,3270,1,3270
421,14740338-b201-43a1-a390-a740cc9e780a,5268,0,0
422,2cf92caa-16a7-45e4-bb56-e88d5df27328,5032,0,0
423,8dca27bc-a573-4c39-845f-16ee420ef4cf,4275,1,4275
424,2f6fee2c-56ab-411b-8aa4-2cfc221f6c13,2032,1,2032
425,2e715a83-6e53-49b1-a8dd-7de5e415ce87,3626,0,0
426,d9f15085-0948-4567-8ecc-571a6ea5f909,5226,0,0
427,b2a4b47d-ab92-4348-86ba-45087acc3523,4506,1,4506
428,6f88ae04-060c-446d-ac2a-13dfcb6e6132,3390,1,3390
429,14315814-ca38-4aa6-97c1-ac6b8288e666,3199,1,3199
430,9a5f71ca-a4a6-4a97-9bf3-e9cd480e1d60,2449,1,2449
431,a85e7cc5-3436-41fe-a8f3-4a1d637cd589,3322,1,3322
432,01f2c1cc-ec90-4532-8962-ff043423a9df,4771,1,4771
433,3c5ddd7d-64d2-492f-adb1-8c6e7efbab85,2047,1,2047
434,9934b955-0d9a-4b03-99f6-1c3b2c6ca732,3461,0,0
435,26dee0c2-6fe1-4662-a81c-b6b336d81e0f,5236,1,5236
436,8ed801d8-01b3-4d5d-b169-bda482612ab0,4548,0,0
437,b403a67c-477e-4ac7-a95c-996a2821ba3a,4242,1,4242
438,e5c839f9-1455-4768-b11a-6fadd2166179,2229,0,0
439,83bba1d9-5616-4d88-a9de-777fa353aa69,4986,0.93,4636.98
440,8cc5b4da-db35-4a8b-900c-38d14e89ee21,2976,1,2976
441,4f26372f-dcd1-4664-b1cb-5121304ef2f8,5749,0,0
442,f08463da-a941-4e7d-8d06-8d75e165fd0b,2423,0,0
443,a74a0b5c-8269-4e60-8a86-74f095413cab,2995,1,2995
444,8a0d509a-2666-4525-9811-fe86e5ddef70,2139,0.28,598.92
445,f44f2fa6-232e-461a-9148-c39555241d4f,5494,1,5494
446,3a37ac35-8ae5-4d41-8488-1bf85d6c18bf,5708,1,5708
447,26bc1ba1-3df7-49f9-ae5f-e0cf03664776,5724,1,5724
448,cc120c6d-66f7-4846-8769-494ea9d70478,5027,0.38,1910.26
449,d0b3f9b8-6726-4ebb-9fcb-e7bf4c2395ee,3453,1,3453
450,57b35616-a069-4f86-b40f-6f8fe5c31015,5130,0.79,4052.7
451,8a17094b-fca5-4bd5-af8f-3385e0ee6d4a,4356,0,0
452,bb82554a-25c2-4d3c-82d3-7831cb43146d,5998,0.15,899.7
453,eaf7c521-74b7-40ed-9066-d208eb4086ee,5451,1,5451
454,7a25b7af-2790-4b77-affd-c5f1d6bfb012,2876,1,2876
455,405f2809-dd7c-451f-aead-d3023155d5dd,2796,0,0
456,25cd64e2-d6e9-451d-9891-7c0da8864785,5258,0.64,3365.12
457,0dd0ce08-7417-438e-bc77-08f0dd0ac936,5761,1,5761
458,2232840e-d68b-40c6-9072-6bd83d808069,4031,1,4031
459,b66fe5fc-bb0b-49f5-9f56-5d5f44b20da0,4409,1,4409
460,30480f71-d230-45c6-839d-ba66a3cde78a,2570,1,2570
461,7ec3a447-c972-4587-a19f-36f6c11795ed,4791,1,4791
462,550cdba6-11ad-4c9e-970b-068248b49bcf,5564,1,5564
463,0c835f28-8176-4c39-a98f-91a819e0dbdb,4423,1,4423
464,4ac6aad6-c6a2-44c4-9055-92e6cf04c3e2,3298,1,3298
465,320db2ed-bc25-46db-9e69-44b562e7e65d,5404,1,5404
466,37583666-eac1-45b5-833d-f428b8152364,3437,0.8,2749.6
467,4fdc9c79-5c26-4bfd-872c-da7d02c44acf,2705,0,0
468,74258e6b-0852-40d0-a67d-c8189866a3fb,4221,1,4221
469,7bfc5786-9707-409f-a764-a518588c6bbf,5999,1,5999
470,413e6606-84fa-4ae4-ae7b-416854e4596e,2775,0,0
471,376fc538-2b19-4096-8ca1-ce43e027c3ef,3581,1,3581
472,75fdc47c-494f-43fb-8845-b9def952a775,3290,1,3290
473,a40c2d7a-7d84-4482-8937-98baa724c62d,4765,1,4765
474,4e7c8fb7-9d08-456d-a09b-65496459cc63,5195,1,5195
475,d07b015a-3023-49b9-a4e5-178dd4a960f2,5841,0.45,2628.45
476,b3b48589-8d38-42b6-a6df-84a3adf35b3a,3800,1,3800
477,f48a3497-2719-4246-9990-692902fde00b,5686,1,5686
478,1b04492c-b154-49fe-b757-6bc17159d60b,3789,1,3789
479,d142421e-dafe-4ed4-93ec-f96aaef69e9f,3194,1,3194
480,4d0b6157-4927-4f73-884b-7f7cb1e56482,2502,0,0
481,bd71b092-e714-4d52-83e2-c3502bf70cab,4769,1,4769
482,8c12865f-71dc-48f9-b4cf-263feff7c1e6,2740,1,2740
483,d99fb094-bb1a-4d61-a5da-216271d58c1b,5340,1,5340
484,85e84e6b-a441-4f94-8b1b-9f4cc7af6a33,2040,1,2040
485,ffcf8c6c-bb6c-4424-8f31-cf77d94491c3,4405,0,0
486,5f60b0d9-ef0e-4b04-8c26-2101f1fa87aa,4757,1,4757
487,98b0e232-9952-485c-9a28-58a0a6da7644,4123,1,4123
488,50fb6b72-3a73-4144-9698-8b471039fd3c,4841,0,0
489,40d679de-2536-4f03-b544-b6f098e2f8bb,4141,0.29,1200.89
490,10ae632c-211f-4f35-a04c-ee93edee1066,4172,0.09,375.48
491,77cdda73-9bda-49d8-a3ae-dc0b6f5b4c54,2996,0.52,1557.92
492,2fd8ddf2-c5ce-4d9a-b8eb-75c6f12f8d25,2503,0,0
493,137c5d7c-1ceb-4fe4-9d44-0b0d86d2a4d7,5864,1,5864
494,7f59a172-b3e4-4ba0-85f7-befd94ebc543,5380,1,5380
495,7f7c2773-28b8-4507-b148-48d585dd3538,5419,0.37,2005.03
496,7aa4bfda-d577-42c3-bd8b-79c5347c27c2,5704,1,5704
497,d1230277-81ec-49e2-bdb4-fe3b8223aa1f,3009,1,3009
498,fb1365d1-e915-4c4e-89a8-ce094c98723c,4254,0.19,808.26
499,0fe35f23-cb8b-4d27-962d-17d27ab10461,3829,1,3829
500,d91d96ad-2402-42d3-ab08-43ff0442960b,4630,0,0
501,c8a4e0c6-ddd2-49e5-a07e-e31d10f6759b,2024,0.97,1963.28
502,34af3ddb-e742-4daa-b658-57c759ff3736,3469,1,3469
503,cfed9992-2079-4bb8-953a-33e86c86fe11,2469,1,2469
504,66179715-4eea-4319-a302-53e766e51386,5925,1,5925
505,3cfa69cc-77b1-4d06-a39b-e3bb97d388a3,4578,1,4578
506,c731ac73-61e7-427f-844c-ad11f45db153,5908,0.05,295.4
507,93e9b475-b2cf-4147-b57f-d5258b687049,3671,1,3671
508,2138ddec-7ef5-43ec-a80a-9c32c174f61a,5349,0.73,3904.77
509,be1faa83-1ef4-470e-b812-be4894b7e06b,5636,1,5636
510,7c9d5f5b-bdd5-41ad-8fa9-1eae4db244eb,3439,1,3439
511,0852a98f-1ec0-4784-b883-2114479e69b1,5977,1,5977
512,51d7a613-eb0e-48ea-bc6e-7843bace5100,5242,1,5242
513,579f956b-7de2-4e3d-8979-123346cad79d,4804,1,4804
514,4d94a5ca-a42e-4381-94bb-d76556f995d7,5485,1,5485
515,7e6e171e-8445-4a34-b5c2-5ee9b7c17929,4817,1,4817
516,9619aa43-7e2c-4e91-933e-6327cd247c0d,4678,1,4678
517,537ec60a-70ae-495d-9289-e4067cc591e4,5495,1,5495
518,d93794d5-a029-49ba-8e78-1d0208482e5e,4785,1,4785
519,cf33a92c-6c5d-4426-85e3-883642da121a,5318,1,5318
520,1e00fe9a-6594-4d19-bfd6-c55ed73b6554,3273,1,3273
521,f57e6e60-078e-44e5-864f-c3b154217b8b,4213,1,4213
522,4d3d62c4-bf29-40f5-a540-c6cca8418cc7,3318,1,3318
523,9e7ead0c-0946-481d-bad2-0dd370277f7a,4700,1,4700
524,9b096b5c-e194-4469-bfc4-957f6d907460,3800,0,0
525,844630c0-5a87-454e-b9cc-65b5cadc856b,4646,1,4646
526,b4b17c57-d9aa-4af4-b99c-ba2504427a9b,5493,0.95,5218.35
527,c305b65e-d9e5-4aa6-be80-4e35b7e19462,5542,1,5542
528,54507d87-b66c-447d-a8ca-980aff349a01,4833,1,4833
529,9f41bf7f-9bfa-47e0-a9b6-78faac91c880,3039,0.5,1519.5
530,28088e94-784e-4b9f-bc54-e331339368dc,3331,0.2,666.2
531,ff44e023-fee6-409a-bcda-15b215a372f5,5539,1,5539
532,d59cb8ee-c907-42ba-a95d-fb6a6180a2a5,3996,1,3996
533,7a40bcec-1c74-483a-9801-3692b3c35c9e,5892,1,5892
534,c6461436-2df5-4e3c-a671-ab6083750fd1,4135,1,4135
535,0712ada4-71bc-465d-b2a4-a8fb612ca2c7,3594,1,3594
536,72bfb358-f921-44a9-9047-c2ef9599d382,4915,1,4915
537,a9c2965b-2b4a-4da3-ae25-67edb0258e15,5750,0,0
538,5be026be-7098-4d60-9560-fa60a471515a,4653,1,4653
539,dc1226fc-cafd-4ca8-9cfb-70bec770256b,5551,1,5551
540,8fd73d76-4c95-4ef7-addd-e094ee7e7d1c,3508,0,0
541,07a9e462-8071-4447-835d-11d7b9877e12,4844,0,0
542,21c7f3ff-0849-46c2-99ef-cd154a90e675,2129,1,2129
543,4d6174c3-3235-4361-af17-24ccb12424f3,3725,0,0
544,db2222f7-15e5-47dc-be4b-2607d2cb2381,5849,1,5849
545,23c9e8b7-93bc-42de-b884-1c7dadcbee4f,5170,1,5170
546,9b6c8fc9-91d5-4f43-8086-b21349b814cc,3210,0.59,1893.9
547,de6da468-360a-409b-8dfc-9de930a69b00,4354,1,4354
548,b5fd11ac-ad3d-4e97-bff9-ea3b970a5b99,3105,1,3105
549,c2abc0f5-4c0d-495e-9120-6c47b9dfa813,4177,0.37,1545.49
550,4ebc73c9-2967-4360-9b7d-e5cd6a2c0aec,2566,1,2566
551,b1ad9278-cbb5-4075-80f1-b7daa8be877f,5560,0,0
552,635f0fbf-fa96-4ace-8265-94557b86867c,5303,1,5303
553,6f3587b7-b52e-4fd0-92df-77042e391aa3,2947,1,2947
554,44ad98d4-d82e-4c29-9f3d-4c7250fecbc3,3937,1,3937
555,26ce7e01-6621-42c4-9731-963956551a3b,3536,1,3536
556,3bba37d8-b4ff-44d8-8a47-28df5422b55f,3951,1,3951
557,ad588db4-85ad-4875-87f7-cfe0626799a0,3096,0.56,1733.76
558,d0fdd7b0-0114-48ae-8ca2-82e0d22e8267,3727,1,3727
559,c9abe505-558a-4723-a868-cea66d32aa69,4530,1,4530
560,8bfec16f-73f7-4da0-9845-60c78aa49959,3914,1,3914
561,4ec64e7e-27b9-4d9b-99ed-1c3dcc6adaac,2709,1,2709
562,cee4cd8f-9525-4b55-a2c8-66f318cf3bff,5112,1,5112
563,c90c3fa7-1e35-4329-b56a-bdc94cdf18a1,2039,1,2039
564,7fc519ce-b8ac-4d6f-85dc-312a568ea4b9,3311,1,3311
565,88678268-fab1-4099-8c66-2a011d696174,2264,1,2264
566,2bf17ac7-1952-498d-ba15-c2a2842fa442,2440,1,2440
567,35005cd1-8123-472c-8faa-84498912c5dd,5869,1,5869
568,e8904437-feb3-414a-9d0b-857c4046176d,2869,1,2869
569,11966434-975b-40ea-9316-637934695c71,5584,0,0
570,100046eb-d640-456d-95e5-04d52221f90d,3909,1,3909
571,6e627e90-447d-4089-bc9e-5ff1118194f4,3316,0,0
572,a51bf395-1b4c-45a8-a6ab-9a7fa3d478cc,2501,0.85,2125.85
573,33b59dbc-52e1-426d-b282-bd17c62e19ed,2294,1,2294
574,7469d85d-97cc-466a-b086-d736248a5a08,3640,0.71,2584.4
575,1dc8b6c7-b444-4760-b7ad-d0faefee0388,3359,1,3359
576,01ae479e-8f47-48af-aa32-0a75bd6e1759,2788,0,0
577,3df3eab3-bd0c-44f8-b098-42cb7ead791b,5512,1,5512
578,17da8336-84f4-41c6-a59b-7e4449ed32a6,5774,1,5774
579,2818654d-7cbb-407d-9bbc-8233d444dadd,3294,1,3294
580,b25b0580-b0b7-4603-8e25-48e79f7b29cd,5820,1,5820
581,6a25b9a8-2ddb-4f31-81c3-07b50553d722,3388,1,3388
582,6aaa81cd-cecf-4123-b6ac-391d41a6f4a6,3738,1,3738
583,4d8d9839-d517-4b12-a518-e9b2a8d5d4dd,3519,1,3519
584,58b42b09-c02a-44fa-98c9-15f3a86fd15c,4098,1,4098
585,97681209-3f3c-47cc-a8dc-834653ddd82c,5462,1,5462
586,ebdc8292-62dd-449f-bf1e-0f20339099f3,5206,0.04,208.24
587,c0be3fe8-7975-4917-976c-c58c39e713d0,3846,0.98,3769.08
588,5db68246-0644-44f0-bdd7-792da7088aa2,5470,1,5470
589,890f6df4-042c-4c01-afec-0913e4fabc83,5471,1,5471
590,782375a4-a45a-4430-a603-36215658e117,3677,0,0
591,0a4070e3-8f63-43b3-8086-900c32d7a994,4557,0,0
592,beeb08e7-cac0-4041-b287-838da45bfe69,3563,1,3563
593,856f8091-934c-4397-809f-f88a6305ef14,3059,0,0
594,49050bc1-e547-4aa1-9480-6593741a5c60,3763,1,3763
595,6d1cdedb-0a03-4b7b-9279-5e6bfea77a3f,5709,1,5709
596,28c7e6d9-91cf-4fb5-b42d-fb8e2fbcc61e,2929,1,2929
597,956e1f07-536c-4e13-9fc7-eca130c87fb9,4242,1,4242
598,a4574abf-d161-4430-aa7e-c3c749627588,2452,1,2452
599,b55482fb-881a-481e-afb9-14c29730d91a,5471,0,0
600,2f85785b-ea64-48ce-9e8c-55dac54b1ec9,5375,0.33,1773.75
601,81557426-7358-4d79-918b-83fd3ee88c16,5068,1,5068
602,7c4d26be-7e57-4642-a9a1-ed9d5be59dc2,5870,1,5870
603,150342ff-348e-44ea-94ea-676c1fdd4cec,5378,1,5378
604,609b139f-8026-4c7e-87a0-1ea60fe32c30,5995,0.24,1438.8
605,c3e554d0-bcb0-410d-874d-73cb9f2d0c53,4359,1,4359
606,4e317ba9-1bcc-4443-88bd-a2a5ad97acba,2679,1,2679
607,d02235da-3a13-40f5-b28d-8c1664075e32,5460,1,5460
608,30380bc9-a05d-4c30-9049-fedb7026a182,4293,1,4293
609,891c6faf-7d78-4042-9daf-16f5dcadeab3,4203,1,4203
610,7abe29dd-a439-469c-bfa7-41e36cc4c666,3961,0,0
611,ebf25acf-9367-47fa-b5e6-8769cf43a27f,2776,1,2776
612,24f22096-a980-4cb2-97fb-5026fe69552b,5513,1,5513
613,0e0b01e2-08dd-4715-952c-c3fa16776909,4864,0,0
614,c062da33-257a-4d1e-9e4a-50ac393ee22d,2140,1,2140
615,b3d844b1-a448-4cec-801b-960a918aea8a,3831,1,3831
616,71a9ab94-19dc-45fd-83b8-d9e96cf84683,3674,1,3674
617,f3a7f173-4fd0-434c-9662-a7579d173697,3690,1,3690
618,caf5edbb-0a66-48dc-9884-8eb97fd3baad,2271,1,2271
619,99c03a89-c1a4-4f71-b210-33b5eba5534b,3735,0.24,896.4
620,28df77c1-0660-4a5c-b4cc-148ec1df6d9c,2089,1,2089
621,8232a849-0e01-4255-8033-eae0e64cfd07,3535,1,3535
622,f6c2676c-c41d-40c4-8c61-0fd99818d401,2413,1,2413
623,15336a85-5d30-43ba-b3c0-eb0108773575,4950,0.66,3267
624,a2ae010a-afe0-4c23-ac5b-bac2133bbe54,3316,1,3316
625,3c433dbb-59d9-4df3-9904-0487bce6581b,3781,1,3781
626,096da042-378f-4c67-808d-c1586da02493,4277,0,0
627,ae00adaa-ecfb-41d2-a13e-eba8922c8d93,2827,1,2827
628,f77162d9-4028-4057-9103-f3715b8ab9bc,4181,0,0
629,99543bc2-928a-4cac-a9b7-954392436aa2,5862,1,5862
630,b49f0db5-c32c-451c-97ef-fd6d3cbd9743,4277,1,4277
631,bdad38cc-7512-4fc8-bd2d-633486e94d0f,3789,1,3789
632,4d896241-0439-47d9-83f3-7c34f8c2fb5b,3370,1,3370
633,2b270041-7d2f-42c6-9fdb-1bab6b3914ea,2074,1,2074
634,5ae6527a-3b10-4519-84b6-b6c69d082746,3126,1,3126
635,68d7edfc-6651-441d-bb62-e6d959ca7b93,4851,1,4851
636,e4615c9a-ba63-45d2-acf8-522418746bd9,3539,1,3539
637,a6019f81-ad2b-493d-bee3-c4defda92573,3165,1,3165
638,b943d063-f548-42c8-8816-03ee7a0029df,5213,1,5213
639,9e641279-3099-4d29-b1f3-3bb021e847a8,3169,0,0
640,8d3fa8ed-5645-43c7-98b6-92c1a7ea04c4,5137,1,5137
641,83c2bf69-2c64-44df-992f-26ded48152e7,4002,1,4002
642,ff0d56c2-be1e-460a-ac19-fddec99c366a,2860,1,2860
643,fe282d83-2d04-41c3-ad7b-25e585ee57a6,5619,1,5619
644,630023e5-a9bd-4682-97cd-93e0a74b4f84,5992,1,5992
645,cae201b8-f452-4203-80b3-bbe785b0ced7,2389,1,2389
646,78f5d9fc-ba01-4290-9451-ab3d7df496ad,5061,0.29,1467.69
647,6afdf265-2e39-4ee7-a0b1-83a91d6b2a4c,5510,1,5510
648,ec34b0aa-50df-4ac0-8075-bfe9ad4f07a8,3274,1,3274
649,e703c89c-2fbe-4cce-bb88-ba3b16bf6581,5981,1,5981
650,351c017f-a86d-4b3e-979a-52547d83ead7,4631,1,4631
651,13233451-260a-4f13-87ff-23467ff6d5af,4386,0.44,1929.84
652,490bdd5d-c5bd-4285-8add-d840d0fe7725,3442,1,3442
653,a1db0239-42c8-4127-8185-d9a24b054fbd,5810,0.24,1394.4
654,020a742d-e3c7-4014-96c1-033cd766b91d,3826,1,3826
655,aa1d228e-c522-4909-83e0-08197c56070b,2296,0.71,1630.16
656,171ea552-a278-4f49-ae24-a476834a7cc7,3127,1,3127
657,2f6dec4f-eedd-4318-9ca8-cfedca296f30,4509,0.45,2029.05
658,68512839-44ae-4e13-b6c1-38c72e2c9920,5872,1,5872
659,f3d6c2e3-2e34-4d40-8375-f520b7ae525a,2049,1,2049
660,8024a7b3-38ae-4798-843a-1eb2a95e3555,5753,1,5753
661,65efd9d0-9883-4961-8d86-71e799d1fddc,2806,1,2806
662,71aaf96d-008e-4a30-bd23-c57feb085866,3751,1,3751
663,c6d0294b-7a0b-4468-a7b3-c11bad1bdc14,2336,1,2336
664,ded1157e-d679-4855-9f1c-c1ec42629ee7,5492,0,0
665,3b85bf49-a2de-4dfd-8415-b70cd156c719,2866,0,0
666,7d4e7320-d0d8-4b0f-b9e7-c4668e4e9623,2373,0.9,2135.7
667,b33f51c1-4580-4327-8f58-23ae902db36f,4298,0,0
668,7ae22b05-1d60-4ea4-a395-a37a3bd56a35,3561,1,3561
669,d5bb9ee2-850e-4ab2-8068-e24e2e55d887,2836,1,2836
670,c6b9f8e2-cfed-4dca-955f-e3c124318c02,4070,1,4070
671,24191800-0c81-456e-b6cb-83090afe4b94,2680,1,2680
672,0b00b70d-5598-4c3d-a472-463f4f09eca5,5048,1,5048
673,1d55ae61-9f35-4c44-ab65-144c9a6f0dc4,4323,1,4323
674,2a272b30-6657-4ebc-9449-fb7b075c6329,5246,0.91,4773.86
675,27efee6d-473f-410b-8a7f-6419ddad207f,5272,1,5272
676,9329b9a2-dbde-4581-b50c-f680fbae0216,5049,1,5049
677,53bd4d06-7cab-4362-83c5-27a1f7ea6d60,2178,1,2178
678,24002d54-0f89-4e50-8a85-a6bc2735ac58,3521,1,3521
679,be6afbe6-4833-4b95-a261-01d5d8b12051,4902,0.97,4754.94
680,9909a272-c600-479f-8388-cb26c3677057,3817,0,0
681,9c33c8f8-625b-446c-9278-5f3f594121d3,5260,1,5260
682,6146b895-6ae9-483a-93ff-bc36881e024e,2464,0,0
683,1aa46ec3-9baa-4918-837a-1a2f593cf89f,5179,1,5179
684,f2fd8a80-6b57-4951-8dc4-cce12ffb69d0,2307,1,2307
685,acec50f9-00a1-429e-a9ee-dcb56dbe5196,4975,1,4975
686,f1784b7f-06c5-4a01-88f3-6625109f3c9c,5258,1,5258
687,a3cea985-2133-455d-8642-93e695a282aa,5885,1,5885
688,7862900d-d9b4-4afe-8a22-696f3018439e,2425,0,0
689,4605faa5-1f3c-4341-bcd9-e003e99d19df,3397,0,0
690,b74ac466-78aa-4869-a67d-3de5a007d28f,2093,0,0
691,d7bc7709-a8f1-4bb7-90b6-767d0c1e9fa4,5888,0,0
692,5fa6eadc-f0c1-4495-99ba-4b0b1a1ef969,4993,0.36,1797.48
693,045f0314-862b-488b-81c5-5ccb0a5f3c10,4888,0.51,2492.88
694,5bf0d018-f6ad-418c-9569-bde00016e772,5845,1,5845
695,f80909fb-920a-41b5-b748-ea9ab5c2b242,3230,1,3230
696,4c58dc28-1588-4427-9c91-1a71ecc32385,2079,1,2079
697,9cd6c4f2-a4dc-4244-bd5a-d3da8493a863,2205,1,2205
698,bc2b0679-50d6-41ad-a37e-ede60346439c,2753,1,2753
699,25ce1e04-4ba9-477c-bf6c-bf48727a4dff,5759,1,5759
700,7c5d86ae-9602-4902-a7a5-411d7e99ee86,4746,1,4746
701,05037d1c-ac40-485a-95c2-9b060dd70c30,2261,1,2261
702,660eca00-bc6f-4349-afb2-6226756bd012,3453,1,3453
703,02af47d9-de73-41ca-aae5-21f0760a774a,4715,1,4715
704,37457261-3fcb-4a3c-888b-41a71732adf1,3514,0,0
705,530cd6c3-9bf9-4219-8560-bffdb16b9d60,4105,0,0
706,0e6b9e35-f840-4da3-afd4-24d4bbb6827b,2061,0,0
707,b3308d09-854b-4b6b-9856-aeadd256e68c,3139,0.46,1443.94
708,6311a40b-e6c5-4a7b-80eb-6258700770ef,4375,1,4375
709,799ca976-a269-4a20-b777-d28c30631d3d,5524,1,5524
710,4f30d530-c397-4251-8fef-23e726776823,2143,1,2143
711,802693fb-3a6f-4aa0-9892-c25a06fe0ef1,5247,1,5247
712,518351f4-92c5-4273-984e-21bf0dec8fef,3864,1,3864
713,58bfb353-16c9-4c29-98d9-9104067ebf66,4899,0.94,4605.06
714,5d28e789-fa47-425d-9326-67961e0815e8,3342,1,3342
715,1423acf9-2a23-4d75-98f0-300fb082ee07,5763,1,5763
716,9b9ff610-46ed-48a8-97a6-47f694100f8b,3117,1,3117
717,dcec803f-5a1b-4143-ab53-d63715ed8b4f,4530,1,4530
718,3e549a1d-0e2e-4fd1-be04-44d1d8238b10,4383,1,4383
719,ad293da3-10f8-418f-ae82-1f151adb8e22,5292,0,0
720,34598161-d211-493a-a9fb-84ccbbabf865,3955,1,3955
721,f2fc9003-1d1c-43b0-9b5d-bb1cc4f884ed,4513,0.02,90.26
722,79679fee-9644-4e82-9f7a-22807f66f1de,2031,1,2031
723,7b11b69d-017c-448a-a7a1-b1c6b258617c,2593,0.78,2022.54
724,0356d80e-0723-4f99-912d-2386e07f88be,5060,1,5060
725,72e1e6ba-9286-4c35-8b44-514a1f92ca60,2445,1,2445
726,c7a398cc-d167-4738-a1e1-bf6c84ec5485,3781,0,0
727,4bfdd8da-97f4-449c-8d5e-85cd80330680,2782,1,2782
728,52f081d5-7ded-426e-a226-fb7a965c660a,5485,1,5485
729,3ceb2184-53c7-412b-9e25-c9794dd95e94,4401,1,4401
730,e0ea7ddc-f3b7-47b6-9612-1f7670aad42d,4351,1,4351
731,f9ff8d5d-49bf-4215-b3ac-d50fbddb6f40,2315,1,2315
732,5f339e7e-9785-43e6-add3-3db1e7b60803,3215,0.79,2539.85
733,02477016-9d26-438e-a5ed-9c94fa92a283,5598,0,0
734,d71f934e-9d7b-43b8-b9c0-400e80740c46,2494,0,0
735,a53ce1e1-3b40-48d6-9912-83ed1f6bb6d9,3341,1,3341
736,e709f205-e1c9-4f85-a2ac-1cc75ba56905,2558,1,2558
737,10657ef0-44f2-4f5c-91b3-4c802267386a,3734,1,3734
738,e61d9c51-1790-4638-954b-364251b972bd,4778,1,4778
739,dfb25d6a-58aa-4039-bceb-572be2eeee99,4806,1,4806
740,3c78ccb2-bac3-4697-8f1d-0bc8a606d6c0,4807,0.76,3653.32
741,5aa5f6de-4db1-4d65-b73c-3fd33bfcf8c1,3506,1,3506
742,bdb0bda4-1e6a-4865-8992-b290d482a4c0,4811,0,0
743,64481015-baee-496d-b0c2-6a99e09807e7,4331,1,4331
744,3e917cfa-804b-4e6c-bcf5-ad4e4ede0057,5080,0,0
745,868a8f5d-fe53-4463-a942-0d809e12382f,3056,1,3056
746,708887ba-703f-4b8d-8ec8-5ed23f41c081,2290,1,2290
747,b506b82e-a42a-4a29-b4ea-f5e5fa48991c,3241,0.6,1944.6
748,64013925-1060-40b8-ae2b-baa0854b116d,4290,1,4290
749,a13a45d3-589b-475a-9dd3-a35c2f32cf11,2655,1,2655
750,1dd0c16a-bce9-4f49-9b4b-1b012829e538,3201,1,3201
751,1c8185aa-1b4b-4b02-a59e-bfc604ff5ce1,3297,0,0
752,e9883a04-224a-4e2b-80c3-2325a57dba3f,2980,1,2980
753,84e340d0-a7c3-4fe1-8640-7eac7b69d2a0,5600,1,5600
754,689b21b5-91b2-4e37-84c3-4856d2a2598f,4310,0.59,2542.9
755,a47e053c-7733-484a-b7b6-4c5c17dae12f,5539,1,5539
756,7d15054c-be79-4218-9260-d860008e9bbc,5916,1,5916
757,862738d2-3686-4a9c-921e-7565e0b50e2b,5114,1,5114
758,4c088217-8333-4236-b788-a48ad249606f,2732,1,2732
759,5f813c39-877d-4bdc-92c7-0845da81f388,3025,0,0
760,f4045c10-004a-442a-9289-1d361bf02b2f,2809,1,2809
761,e9c427ff-a31a-4011-99eb-8ced59c95df0,4080,1,4080
762,532103e5-80e4-4908-b36a-c5b65af8379e,3319,1,3319
763,71f34a35-f218-43cc-9c06-9aece575fe28,4239,1,4239
764,effbe5e5-5edb-44e6-95b0-f4c7029870c2,5618,1,5618
765,650ad6a2-ba51-402f-bfca-cd10822af463,5584,1,5584
766,54344535-eea8-4b83-a3b3-53889a14e338,4891,1,4891
767,27c4001f-e883-42e4-9a4c-656c7668c41d,4803,1,4803
768,3d01ea78-d738-4976-9cdc-89006792d1a8,2870,0.62,1779.4
769,ad088e5c-0fbd-4209-85c9-276c02cb74d4,3743,1,3743
770,96ad38e7-b9f9-4d6d-89a4-42fedae1f2fb,2440,1,2440
771,c61121d0-b9d5-4e08-a67e-1c933dddfcb1,2000,1,2000
772,1225af73-1fc1-4a36-a7b8-90e7b91d53fa,5386,1,5386
773,043c4bb4-1191-4b2b-b9cb-8f6727e0fcd8,4244,1,4244
774,dce274c7-795c-4f03-8e4a-e277a497e795,5571,1,5571
775,2db36eb0-1a67-4c36-a4e5-e30f5a3cf3be,4722,1,4722
776,05f7126f-02f0-43a3-8cef-a7680d3e7a6b,3234,1,3234
777,8c2dd6b3-e682-4a98-8a19-708f0894d7c0,3071,0.44,1351.24
778,5c240b02-a504-4327-b17f-07b17c679ea8,2243,1,2243
779,6174295a-79e3-4176-877f-bdce5c96604a,3235,0.63,2038.05
780,fb0a472a-9910-4ae0-bf67-e703664a08b2,4438,1,4438
781,d955be49-2684-4e3d-bf21-06878797fc30,5953,0,0
782,ce3bf46f-869f-40b2-a76f-4542300c3c93,4420,1,4420
783,a690d66e-edce-4cef-a3a0-4c3f9888d76c,2699,0.83,2240.17
784,287647da-8bc5-4522-a053-8d1e8ece6860,4921,1,4921
785,4cc42680-06a8-425f-86d2-565fa8c0bb99,5284,1,5284
786,9c22b6aa-b810-4c02-9104-e2dae0fa651b,3368,0,0
787,16e5990e-679b-47d2-9864-8561f452bf05,3904,1,3904
788,a02816e9-e601-42d8-80ab-ad06f428c4b7,3996,1,3996
789,c9bdfb4e-c542-464b-9992-bbb648d0dc24,3228,1,3228
790,bff5a158-6047-4ac3-ad28-ca5ef1016645,3047,0.28,853.16
791,eeb8ecdf-0372-4eef-9192-9d378361e7f5,3698,1,3698
792,3a0f194b-7c55-4011-a4ec-d1457b8ca9a8,2468,1,2468
793,f0daedfb-0cf4-43f6-a5f4-5d1e5a66de2f,5557,1,5557
794,338d4f7d-c2e2-4294-b18d-2c1f64da88e2,3221,1,3221
795,0d8d895d-b0f5-4a6c-81e4-dc7cc57b6419,3672,1,3672
796,1e484cbb-7f11-441b-94e8-5caeb053da4b,3680,1,3680
797,bbc40642-38d2-4f7a-99de-6b6eadfc70a4,3467,1,3467
798,d92a96a2-e6f2-418c-8813-87711adb61de,5213,0,0
799,1c65ab5b-4efd-4838-9a3e-000b5ce8a614,6000,1,6000
800,335d1262-bd8a-4f92-9091-0442cf4aac80,3997,1,3997
801,dfe8cafd-35a8-4778-9b14-90ca35c72b81,2985,0.27,805.95
802,8755dffc-8c87-45e1-ab63-d012d6643457,3567,0,0
803,32b9fa84-37c8-405f-a07c-cc74fb1f146c,5893,0,0
804,6494c517-5dfa-44a2-a2d7-72d8233a6658,4613,1,4613
805,c00958bb-d066-4fbb-af57-112217d8fe4c,3631,1,3631
806,74e074af-c04e-4423-8866-7c6c8a62ddf3,3002,1,3002
807,f34afaf8-ce7d-4404-bcc5-d6decb27a972,5589,0.23,1285.47
808,37485747-0f0a-4931-a864-3b53cdcfc532,4999,1,4999
809,2929f644-ae30-4a2f-b8eb-540fc58cb055,4938,1,4938
810,af9df33d-2234-4f84-bbaa-d56a98549f66,3160,1,3160
811,fd3e1271-5fdb-4473-9c74-6a439a513a64,3432,0,0
812,2ecd52e2-e85c-4691-ac48-5f7a5bc0f3b9,3700,0.4,1480
813,b3d17010-8c30-4c42-8b78-3ba6b2ee2d26,5084,0,0
814,58da7104-303d-4015-b807-531477277df6,3863,1,3863
815,fcc00eb2-169f-47b0-80fc-e9f8f3cb8a85,2525,0.74,1868.5
816,34306561-77bc-4448-9952-7cf9ce822d40,3435,0,0
817,191820d0-8a08-452d-b2a6-3c98fcba943b,2188,0.44,962.72
818,4f1a1442-1aae-4162-a317-e5e99e777508,5279,0,0
819,13709afc-3940-42a7-9165-16e62e57273c,5831,1,5831
820,68256220-1c56-494c-8267-f5c6fb1f4dfc,3225,1,3225
821,11a9c2e0-044c-44d7-9dc5-d47f6051cb7c,4876,1,4876
822,17b6ef47-0286-475d-a465-d37d3741df4f,2714,1,2714
823,cd5413ad-fa66-4615-ad29-c24d5830414b,2915,0,0
824,5b84a245-492d-4e34-9517-2ad933a110c1,3699,1,3699
825,ba914a5f-681d-4be8-b2b4-837f410861f4,5499,0,0
826,1f352326-82e3-407d-838c-755ff3edb1fe,2131,0.32,681.92
827,cde35745-c6ba-4cce-b572-f857a50bfb21,4424,1,4424
828,14143d42-94a0-4d2f-91c9-3ab1a6f02227,2036,1,2036
829,345c271d-52c4-434a-b161-c6fba50f53d7,4273,1,4273
830,882ca76d-9935-4f7f-afcf-946164558d1c,2343,0.44,1030.92
831,2b7a7a6d-7876-48a3-a997-5d10089387c7,4031,1,4031
832,a7922955-6060-429d-964f-b3812fd341e7,4974,1,4974
833,150d3744-4b13-416f-9b68-9654ca5f153a,5535,1,5535
834,e66e9c51-6db9-4d27-8cdd-6d870d8d2188,3865,1,3865
835,ee499baa-9e53-4206-82dd-be55fc2e844c,4848,0.01,48.48
836,8de31242-1576-4bec-8fea-6af3f49db8f6,4173,1,4173
837,15b1d76f-f9f5-4aa0-b2a2-498f5faa5c75,3254,0,0
838,657dfa9f-6b04-4fd9-b515-94464421ade7,5984,0.61,3650.24
839,bc034e85-0a88-437c-abfb-e0a75d618c77,4838,1,4838
840,223bebfc-9716-4fe7-b70d-4b7b0d0e751c,4846,1,4846
841,08564ecf-fe67-4318-8f14-b084a0385fb9,4215,1,4215
842,60cd9685-94ee-49c4-8b30-fc4b0f56650e,5563,0.58,3226.54
843,87046748-8aad-49a5-a6c5-2b3d957382f5,4128,0.97,4004.16
844,4b0938f3-31a0-41f6-835e-9654d0d71e04,4644,0.2,928.8
845,15e4d7fc-0d2b-4fbb-9624-7ef990f1db49,3383,1,3383
846,c516b6b3-1fe9-4b7a-acc5-10b6fa8c6e0b,5704,1,5704
847,05b6c057-8de5-402e-8937-2e766bc1dd76,5833,1,5833
848,3120b405-543d-4ca1-8075-111cc83a1433,4751,1,4751
849,a4b01ab4-c7bd-4030-9fd2-0c25421f4492,5143,1,5143
850,c1ade8fe-3f93-453d-9ca9-c6868d2b65ca,2058,0,0
851,7f04a91b-224d-484c-8c45-5d317333c01c,4198,1,4198
852,d7299503-5286-4c2f-97a5-c16bf3dd9238,4599,0.79,3633.21
853,1e12f061-5602-4bf8-99c0-f7aa523ae4bd,2447,1,2447
854,6938006f-26ee-41e0-b87a-1e45b03196cf,5960,1,5960
855,8b77cbc4-d401-498d-843f-f30e1c63a940,5417,1,5417
856,ddc8c3ff-3e76-45c7-a124-312eecc2afd9,3082,1,3082
857,7e7aa7a8-573a-4f58-b8e3-cbf0de6ed142,3554,0,0
858,802cdb03-0249-4593-b43a-4e7c8b8df591,2452,0.45,1103.4
859,10bb5135-012a-4c55-afd5-3876153500af,2530,1,2530
860,6f8d4f04-d404-4a8e-aff7-27ed80fec032,4351,1,4351
861,1830866a-d5cb-4d55-baf4-340a7e3565f7,3182,1,3182
862,4e91c568-c76d-4b8f-91d9-d64969897ae8,4719,0.91,4294.29
863,dc46f261-c854-4f8b-8fd8-46dccd55f20c,5188,0.3,1556.4
864,91f9c1cf-3875-4699-a275-a11942e801b5,2583,0.98,2531.34
865,d825e0cb-751f-4918-8be1-52d9f048312d,4426,1,4426
866,7419fbd7-7153-4e1e-ac86-864097f2a24f,5511,1,5511
867,ef4e7ec5-b282-4b6b-90a7-04a02ef1360d,2067,1,2067
868,4eb9e01f-43d4-4551-9083-e850860ab2fa,4154,1,4154
869,960e8cd8-d002-49ef-9023-700673ec171f,4943,1,4943
870,0c73f91b-0fb7-4a61-b520-198777a04f78,5746,1,5746
871,f827e430-d021-417f-9063-a4c385f2ab0b,5856,1,5856
872,941247f0-788a-41e3-8a19-d853878578ee,5088,1,5088
873,65ae1a8f-aaf2-476b-b6f6-489873897c54,5680,1,5680
874,48b43ed8-5088-4366-8580-6dbbefa5740d,3366,1,3366
875,d08bff1a-b2f9-47f6-8fe8-56f79e3ecba5,4774,1,4774
876,a50f8efe-7a37-4d68-82ba-8b688bb6244a,2331,1,2331
877,0efa3246-f7fd-4168-863e-b96aa3e89de6,3054,1,3054
878,1d85788d-afe1-4f3c-bd33-0745f4e52a5c,3718,0.94,3494.92
879,b6628af7-aa0d-4f3d-ab7f-c3de462184e2,5332,1,5332
880,b4908540-6104-47b3-9c6b-a56ed622ee37,3859,1,3859
881,3fe9f8b6-1d9c-4d85-bd6f-ada8474accd2,3698,1,3698
882,19a962aa-9774-4d09-ae79-f0ca76dc672b,4501,1,4501
883,c52b6a28-bcaa-4235-915e-41364e280608,3665,1,3665
884,9d1f04f2-016f-42ee-81e4-e975f40958c3,2211,1,2211
885,7897ce9b-528f-4022-a2fb-24b506068c89,5677,0,0
886,e1cf77cc-ead5-4fbd-b898-bdad6096683f,5072,0,0
887,7227970e-9318-4dea-b1a0-d21ddd1676f2,4154,1,4154
888,ab64b219-4969-47e3-a335-6ed599de2a8a,3586,0.32,1147.52
889,0979ca9e-31e6-430a-b007-971663be3c99,2251,1,2251
890,b5c534a9-b33a-4840-ad03-9bfc5a7bdae5,3593,0,0
891,6dfce27f-ea7a-4f8f-a972-f7b94835f4e7,4097,1,4097
892,ea586576-04ce-4e8c-933b-e0d2a1266f16,5446,1,5446
893,f230bfff-83e2-41cd-8d9d-11fa179e2ab3,3221,1,3221
894,faa51351-9ed9-40ff-b74c-b9d9931db3d4,2843,1,2843
895,91a9facb-5da0-4db6-9919-ecedaa971fdf,5652,1,5652
896,4cf45861-fc0f-41ff-b4ea-d334197b49bd,3396,1,3396
897,303ddaa0-4b03-4375-92bb-d90c4c1a4a4d,5628,0,0
898,3565d8d3-25da-46b1-ab58-bc0c969b7e16,3617,1,3617
899,db60f758-66b7-47e8-b127-d94e0019a1c7,3112,1,3112
900,758a7a25-4da0-4913-a3bd-f4d4afabed61,2878,1,2878
901,96a02f4d-5075-40d8-9fe6-d4f4221430c2,5131,1,5131
902,a9be32b5-6c0d-4375-96ec-d71fa0603d6c,5544,1,5544
903,1771d592-3585-4f2c-8aad-63e05057a545,2374,0,0
904,5bc484e1-600f-45f6-97fc-85d7495118ad,3267,0.4,1306.8
905,1cb9effa-7593-4565-bc25-33863c22d419,4423,1,4423
906,b15e9bd4-973a-47a7-8e90-140e1a0cb4a3,3317,1,3317
907,decfe6c5-ecd3-4764-b969-4f08caf8ebbc,5213,1,5213
908,b48db797-1d7f-4eb3-8130-4842b5ae321d,4400,1,4400
909,cfd33b5d-cdf1-4fb5-92a5-cfe3a252a880,3033,1,3033
910,bc14a85c-ad49-4fda-b76d-88ee3fc0f105,5415,1,5415
911,92325314-16ea-4afb-99d3-7dfabb5aa00e,4776,1,4776
912,c266e6eb-38f8-429f-92a1-085eaf0e3a5b,4395,1,4395
913,4eb9098d-6572-4586-938a-4a2b9f4b3a34,2504,1,2504
914,c3a532ce-6a7d-4afc-a151-5816958d172b,4556,1,4556
915,88f302b3-a4f9-4c92-ae88-6c5b53f1cf68,3158,0,0
916,3dcf7c3e-e2d9-4500-9597-d6d88cd86578,4829,1,4829
917,b7085b7c-c9bb-41b9-93d3-60d47f9356c4,2963,1,2963
918,c5c14a7f-cbfa-47ce-9848-807cc51510e3,5656,1,5656
919,0e0f3172-d04e-4c18-82de-2b49c7c05fed,2991,1,2991
920,ae8c03c0-0c57-4e4e-bb64-c6868a0f59cc,5508,1,5508
921,37d9ec05-ab09-4e0f-854e-4db39138ebb4,5829,1,5829
922,e66b2470-ab53-46b9-94bd-516d741352f5,3842,1,3842
923,6bc68c5a-5915-4d48-b90c-d3c23253858e,4068,0,0
924,9fdcc258-281d-47be-8830-e778ecf37445,3217,0,0
925,5e9c6cfe-a2ec-4f47-acc1-ff7bba198d24,3492,1,3492
926,92d96396-d202-4c7a-af39-08d846871e59,5578,1,5578
927,c8d610e6-0a4d-4b5e-a50a-ebb39f3c954e,4083,1,4083
928,5fcd4674-b03e-4407-9d99-73601b404854,3140,1,3140
929,f7697695-62d4-4669-b268-bc5a5dd1cedc,3882,1,3882
930,544b1ad8-9b89-420b-9db6-b18c6e93ce12,4403,0.94,4138.82
931,20fdb225-255e-44c9-9398-670784db1546,5505,1,5505
932,4545ec4c-ef85-4f4c-bf69-da6e9886b478,5294,1,5294
933,429201cb-1b9f-4af3-afb7-49911ee07f7d,2212,1,2212
934,c9bd3a5d-816f-4717-84c0-c2b68229d0b6,2090,1,2090
935,4a0d652e-20fd-48e3-993a-e0a4c7026365,3560,1,3560
936,79909882-afb3-4a0d-80ea-8e26757fe250,3036,1,3036
937,2e1948a7-ab08-4339-a3ea-1d960367b3e4,2177,1,2177
938,cd6b0f48-7984-4787-aad4-4fb20cf6ed20,4902,1,4902
939,59f12ff1-b36d-4562-b382-3a2fef50aebc,4113,0.05,205.65
940,27ae0395-082b-4721-8c32-18d34b2db439,3592,1,3592
941,79e30a2e-c06a-4fed-9a26-e4775cc012d5,5315,1,5315
942,12510e8e-04ef-4125-bfc9-22f206acf322,4585,1,4585
943,5034cf50-e5e6-47c9-8c0b-f473c3437d10,2319,0,0
944,97954e26-f803-4473-bb31-9f1c1e655df8,3042,1,3042
945,1fd99f89-f918-48d0-98ac-d76118555c85,4506,1,4506
946,187263f1-1e2b-49b4-ab9e-d5e7689adae1,5792,1,5792
947,3f1feeab-397a-4136-9736-2bdc42adf1c8,4742,0,0
948,c28ac586-cc82-4860-bf5a-8828aba363ed,5436,1,5436
949,1d00283c-ae80-4008-86a4-060f596d6cd8,2761,1,2761
950,625d5d9f-71fe-4fda-a099-8fd3f81e4ed5,3393,1,3393
951,a5fdc83e-7eba-48fd-8cfd-5c9897048596,5630,1,5630
952,88b75344-7d6c-4a1f-8712-90284b6c53ac,3270,1,3270
953,c6a83279-dc58-4caa-aa3d-21ece983c67e,2826,0,0
954,211598aa-7adb-416c-8b33-f5ae3d0df565,2012,0,0
955,1514019f-9d6c-4ccd-ba24-a1f70486f30f,3010,0,0
956,3555a252-2eca-4ae0-b097-7eceac45e0cd,5473,1,5473
957,d7175b80-a4d8-485a-ae53-11cf53e054be,4426,1,4426
958,d03c6e2c-cf61-4cfd-ae49-627cbc4c083e,3032,1,3032
959,e63946bf-bb50-4a8b-80ed-90885b8b5728,2210,1,2210
960,586a7a2a-2c7f-41d9-9c83-7d9f7f042815,2257,1,2257
961,1eeb7137-ccee-4c41-91a8-e7ccd05404ad,4141,1,4141
962,e3866a08-9d3f-4f62-8860-9471eed0f06c,5291,1,5291
963,bd4b7ad9-3634-4d94-a6bc-0660173687c2,2150,0,0
964,cfd0d18b-b825-429c-9ec5-8276ab112198,2426,0,0
965,755b8a5a-223a-4aea-88cf-504cffa11e0f,2419,0,0
966,d1325f2d-31b2-45f2-81e2-1d715e1d7719,3014,1,3014
967,1e35165c-f6e2-441a-854f-a3b9745bc72c,4604,1,4604
968,e14ffc8f-35d1-488c-8914-a54350fcbcbb,3566,1,3566
969,c4e81606-fde0-4780-a73a-73b4b8d80bea,3878,1,3878
970,67af8684-4873-49be-b120-9aaa453b7daa,4431,1,4431
971,50f898ac-cded-4ce8-beec-b3a1f80fd0c8,2396,1,2396
972,ebaf7660-e275-487b-acc8-6b09faa08aa4,3022,1,3022
973,59e9dfa5-2cab-4d28-99f5-92e382c55f36,3239,0.13,421.07
974,3d53f842-1d79-4e8f-8a9b-2a6d6ba96678,2890,1,2890
975,c56084de-c01b-4a63-b550-635295706849,2045,0.24,490.8
976,14492320-f73e-46a0-9c95-4f06e475f947,2834,1,2834
977,2f310331-37af-42d0-b7f1-032a85badc5a,2555,0,0
978,18408d25-1d56-417b-ba01-1411fca695be,5044,0.65,3278.6
979,04681479-e655-4431-8ea7-8793523bfa2c,5775,1,5775
980,519f32d2-5ff4-4661-9a5b-944680072922,2804,1,2804
981,97bb8b05-3437-4688-b1d1-c00ddab6135c,3330,1,3330
982,81e790a9-9c90-44bd-b6f3-aec4442e9223,4863,0,0
983,4d177588-72f7-43c9-9774-2683ee9f9c4b,2480,0.81,2008.8
984,b4758443-cad5-490f-ac71-c93c79a7b85a,2294,0,0
985,98eac465-cf5c-4880-b645-41d35a55141e,3432,1,3432
986,f7dc612c-ea34-4f65-a2c2-de1dcde3d7ec,2508,1,2508
987,b5541fcc-e776-4f36-ab40-719feaeca887,3786,0.76,2877.36
988,f1b6deea-7cdc-46ee-9fef-b27683468a6e,4627,0.17,786.59
989,c1d45124-3343-4ea8-8380-bd92cc2e009e,4609,1,4609
990,e48f568b-e307-47ca-b95a-4f8d9bc7fa2d,2973,1,2973
991,0e076d04-44c1-4ab9-a637-57738d55d4e8,4756,1,4756
992,3a721c41-40c6-4753-a283-491e983ef9fa,5488,1,5488
993,109b2022-83e7-45c9-807b-164063d22f05,3389,1,3389
994,b2230b03-25a6-40f3-b0ad-d8e0685c5eda,3323,1,3323
995,dec7c6d3-dad0-4439-9496-dd3c5d4c863b,3625,1,3625
996,77168955-f0b5-4c34-8c8b-d10361f773ba,3978,1,3978
997,c1b14d41-1187-475c-b6a0-9788be0100f3,2468,1,2468
998,e15a72d1-4d1e-44bb-95f7-87717793680a,5887,1,5887
999,8e3c46ac-ec13-413b-8a5d-e1b15a61dea3,5570,0,0
1000,a672a32e-8d14-4fdd-92ce-2ada39739f92,4130,0,0
