id,student,contrat,companyName,topay_student,topay_company,hire_date
1,9db9624d-1142-4994-aa1c-818e6ff90728,contratpro,Voonix,3819,2681,24/11/2020
2,03c73294-6500-4490-b0bf-4c250394a695,apprentissage,Pixonyx,2973,3527,11/12/2021
3,f8aa14db-7b2e-433c-a193-7ba5c3307765,contratpro,Ntags,5914,586,5/7/2021
4,2d1ea53b-b315-4ff5-ae49-ddf7f0a64e19,apprentissage,Tazzy,2462,4038,25/10/2021
5,7a93a1c6-074f-456c-88cd-c7ed4cd266c5,initial,Mynte,3882,2618,8/3/2021
6,797f0044-5d7b-4286-8c5d-9b0622d0c4d9,apprentissage,Thoughtsphere,5333,1167,30/10/2020
7,260d8597-f836-43e1-b216-89182b457ce9,contratpro,Abata,4809,1691,27/03/2022
8,df51eb2f-931e-4bd3-a1a3-a09098993faa,apprentissage,Kazio,2179,4321,7/1/2021
9,c02b00a0-78d5-4722-a0d2-d2da21cb6e9f,apprentissage,Dabjam,4353,2147,30/01/2022
10,0ab06385-6d81-4f7e-ac7e-3272b0a56b56,apprentissage,Jayo,2420,4080,7/7/2021
11,31650880-34b5-4a5d-ba23-21f4f3468a72,apprentissage,Oyoloo,4438,2062,14/11/2021
12,2ad6ab6b-61d2-4989-846e-813509f1d1b9,initial,Photofeed,5006,1494,26/07/2021
13,1fcd7590-8bda-4d79-8b9c-26be5c72cf99,contratpro,Brightdog,4590,1910,21/09/2021
14,c88b352d-1e79-4134-a0ef-de1b2f99a1d8,contratpro,Lajo,3618,2882,1/3/2022
15,2d23eb3f-85ad-4616-a83f-744c3609925c,contratpro,Tagtune,5519,981,12/10/2020
16,7ba8dcd8-43da-429c-a1c2-b2ac6a1ae079,apprentissage,Centizu,3200,3300,2/1/2022
17,707440f6-c120-4fa1-b290-278e06c8d110,initial,Skyndu,3774,2726,5/12/2020
18,a03efc7f-4e93-465e-b198-cebc7f0661e1,initial,Skilith,2366,4134,12/8/2021
19,6ef85bd9-3392-49d5-8161-e89219ba6b93,apprentissage,Realfire,3867,2633,16/06/2021
20,fc934b31-7138-4d2e-85d2-a2129aeae049,contratpro,Browseblab,4868,1632,22/11/2021
21,2a0724ed-567d-42f2-a8f3-d500078c9d6b,apprentissage,Divavu,3837,2663,25/09/2021
22,7da82f67-aea3-49ea-9d55-52cc2aa8c2a4,initial,Centidel,5827,673,26/11/2020
23,0d9309f9-6a2f-437a-b28a-6c7cdf5f43bb,initial,Layo,2497,4003,29/11/2021
24,a2e7ceb4-df90-45f3-b73e-60dac61791fd,initial,Realbridge,4082,2418,17/11/2021
25,870d998c-f85d-4511-8926-a8bb38461e5c,apprentissage,Skyndu,3201,3299,28/04/2021
26,15999336-2c96-4f54-834a-12aa98ed4ff6,contratpro,Ozu,4659,1841,4/10/2021
27,0d0f0781-dda1-4469-b648-4c0f21557ad1,initial,Dabshots,3430,3070,26/09/2021
28,4981ad67-b995-4abc-b75b-2f0139db1d13,apprentissage,Agimba,3542,2958,20/11/2021
29,d0e7bd8e-207b-4e39-9fb7-bd98b2d380b2,apprentissage,Thoughtstorm,2969,3531,27/03/2021
30,85460dc1-e590-4f6c-80c0-9b4d225f2020,apprentissage,Photolist,2885,3615,20/11/2020
31,8bc303fa-f556-4daf-84da-84b311f2d335,contratpro,Skimia,5024,1476,24/06/2021
32,372407f5-9579-4729-9dca-11b72954a6c1,apprentissage,Tagchat,2749,3751,6/11/2021
33,3c99402f-2b81-4da8-bdc2-ca04ec03b121,contratpro,Realcube,2280,4220,3/12/2021
34,2ec52c2e-36e3-4577-933e-e5ff33a6b316,contratpro,Roombo,2174,4326,28/01/2021
35,9d512975-8da6-422a-9861-4945f6f2c5bd,apprentissage,Centidel,5539,961,21/11/2020
36,722f4cc2-a126-40d0-8831-f2c022197053,contratpro,Jayo,2546,3954,7/9/2021
37,eccd9917-9dfa-4c05-b37a-19e28a5f9b60,apprentissage,Myworks,2190,4310,7/2/2021
38,ac5c40ef-cb4c-4bcc-ba3a-0cf6598f3745,apprentissage,Zoomcast,2575,3925,11/8/2021
39,de249bb5-b2c6-44d5-9943-abc45ee92049,initial,Flashspan,3035,3465,4/5/2021
40,9a722075-76ca-4963-ac93-43617fc164b3,contratpro,Leenti,3034,3466,30/09/2021
41,e16f9cf7-c664-436e-ad9c-12a3772b27e3,initial,Vimbo,2084,4416,16/07/2021
42,3c1b9b24-3a21-4a63-b9da-a99434d3bccf,initial,Rhyloo,4401,2099,3/12/2020
43,abff260c-e2ac-4267-abb2-c8593d99c7de,initial,Skyba,5398,1102,13/04/2022
44,b015d7b7-2a19-4bb0-bdb0-c0bb14fc1299,apprentissage,Layo,3340,3160,21/06/2021
45,a55a35de-3d39-4802-a412-125b2738a588,contratpro,Flipstorm,5605,895,30/10/2021
46,990967ed-a147-4810-90e1-ccda07fb3f31,apprentissage,Linktype,4305,2195,26/09/2020
47,1f97019d-1b0d-4ef5-a877-afd33da609a4,initial,Agimba,5787,713,22/12/2020
48,f1ae3cc1-f09e-440b-9820-d8b28e30640b,contratpro,Talane,4888,1612,10/11/2021
49,732eb879-509e-442c-8879-dcdd37f6f65d,contratpro,Avaveo,3960,2540,17/04/2022
50,938f40b8-6ef8-4099-a266-7532e80404c2,contratpro,Chatterbridge,5628,872,16/12/2020
51,5593dc7a-e2ce-4442-ba99-2b55a3ecfaf5,initial,Jabbercube,3138,3362,22/01/2022
52,38d4241f-91ec-49c7-aa27-415eb602a781,apprentissage,InnoZ,4841,1659,16/04/2021
53,91d7c03b-2ef0-4938-9be0-1ad249694d87,contratpro,Einti,3000,3500,6/1/2021
54,7516693c-edc0-4338-9a6e-5769e972b3c8,contratpro,Eare,4948,1552,21/12/2020
55,849cfff5-6abc-482c-a8a3-905136bef82b,apprentissage,Viva,3886,2614,7/1/2021
56,77b9cb51-6c65-4a0a-8fa3-1e97e34e46c4,contratpro,Quinu,5668,832,25/09/2021
57,cea718c8-e5b7-4b94-9b4d-7c119d265085,apprentissage,Voomm,2880,3620,21/10/2020
58,d5f2eda9-4e28-4aaf-89c0-b85d1465d9e2,initial,Skyble,5218,1282,7/11/2020
59,8721d903-f6af-48db-bb99-b201f9d5f408,contratpro,Skippad,2534,3966,1/5/2021
60,adc3cf35-6be7-4dcf-ad12-74d677580b89,initial,Wordware,3388,3112,27/10/2020
61,4ae29546-6796-4bb7-9ba7-f459d99c1d36,contratpro,Youfeed,4840,1660,30/10/2021
62,7163aa19-3f6a-4158-a133-10476147277c,apprentissage,Reallinks,2778,3722,19/03/2022
63,cc05f5f0-b252-4b07-b282-f0108124ba3c,apprentissage,Centimia,2072,4428,5/10/2020
64,fe141027-7c25-4378-ae73-8d6f9550730c,contratpro,Vitz,5134,1366,18/02/2022
65,72e1435a-a615-4976-b007-717e273e422c,initial,Geba,4794,1706,1/12/2021
66,04312c86-5303-48fe-8848-650895b88d41,contratpro,Layo,3251,3249,5/11/2020
67,422d0edd-32b9-44f4-b110-a38ab3eddf74,initial,Kanoodle,2039,4461,21/04/2022
68,4774c8ea-acf0-4567-a907-6c7c7c8253a2,initial,Skynoodle,3166,3334,11/2/2022
69,3649a802-d6d8-4572-94b3-f08fb4f5a843,initial,Fadeo,3721,2779,5/12/2020
70,3fcc99e8-85b4-46be-9fa5-bf7a884068dd,initial,Riffwire,4342,2158,7/2/2021
71,d8d6e3d6-525b-4c62-828b-8c31d9aec159,apprentissage,Jaxnation,4299,2201,8/1/2021
72,4899c828-3c2d-48a6-9a59-3cfd0aad9ac0,contratpro,Jetpulse,2548,3952,12/9/2021
73,719672bd-1e47-40c4-b0eb-da240d357d01,apprentissage,Yodo,2710,3790,23/09/2021
74,b8375409-fec9-4427-a3ce-f609080d1cfd,apprentissage,Buzzshare,4196,2304,26/12/2020
75,7b6a0f1e-f5b6-4dc7-a5bd-7b1b4433e5cb,apprentissage,Gevee,2036,4464,27/11/2020
76,26ceee72-4822-4394-a23d-417e73909cfc,initial,Topdrive,3511,2989,4/9/2020
77,680019d9-6f4b-4333-82c3-341bc164e8f7,apprentissage,Vipe,4961,1539,11/1/2021
78,fa5580a3-e78b-4f22-994f-44af1dfa66c3,contratpro,Katz,3647,2853,3/5/2021
79,d0839670-27bb-43f1-bc85-79e5f6689420,apprentissage,Fiveclub,3969,2531,21/01/2021
80,926e20a1-9e17-4582-9440-689a950e5cf5,contratpro,Flashset,4564,1936,14/02/2021
81,eb3a0e23-61b3-4209-bd00-0f00e9a30a85,apprentissage,LiveZ,2211,4289,21/11/2021
82,c35d40f6-2f64-4767-b07b-d7334e041314,initial,Browseblab,4186,2314,12/3/2021
83,1da476c0-1066-4331-909e-45798a20a00c,apprentissage,Npath,5844,656,28/05/2021
84,baba43cb-f41e-479c-88ad-5341924933a2,apprentissage,JumpXS,3783,2717,8/6/2021
85,2ad8fb9c-9539-48b4-8536-5e5c66d76d54,apprentissage,Jamia,5926,574,8/1/2022
86,843a1f5c-4b53-44d1-b8b2-af609963163a,contratpro,Jabberstorm,3198,3302,31/07/2021
87,b5b8409c-b234-406a-aeba-8508fd0495b1,contratpro,Brightbean,2410,4090,21/11/2020
88,bc01b3f8-3121-4f14-a051-758936ed7bf3,apprentissage,Oyoloo,5591,909,15/01/2022
89,25c671fe-06d8-4a78-9039-7fc892f10257,initial,Flashspan,2698,3802,12/9/2021
90,cb0f1273-7816-4ad9-b54f-617dbcaea791,apprentissage,Snaptags,4000,2500,12/10/2020
91,7fb45fc3-c3b8-400f-a661-774705952e42,contratpro,Fatz,2451,4049,17/03/2021
92,cc2b73f7-5b89-4f65-ad8f-559f6be28956,apprentissage,Linkbuzz,4480,2020,10/3/2022
93,691a1f93-d7c5-4049-9e74-2f858639f8d7,apprentissage,Zoozzy,5227,1273,29/06/2021
94,e7de99c3-37d1-48c4-a7e9-95fa39c3f4cd,apprentissage,Skajo,3762,2738,7/10/2020
95,c1a0c357-e65b-4d14-bdef-37ebda0474f1,initial,Buzzbean,5187,1313,10/3/2022
96,4aa717f5-0e01-4888-8bd9-e0ab57bd1ebd,initial,Edgeblab,5527,973,21/05/2021
97,19a778ad-1008-4a1e-9545-0df60c914742,apprentissage,Devify,4830,1670,8/5/2021
98,3519ce88-a46d-452a-86cc-e1e599061fa7,initial,Skaboo,4405,2095,6/2/2021
99,e107caed-4c90-43a8-b2a9-f010fa34cb9f,contratpro,Zazio,3968,2532,14/11/2021
100,9e2dbd25-c159-4aab-bedc-14218dba5f59,initial,Bubblemix,2197,4303,10/10/2021
101,1755d282-d554-4f43-9ba3-621df2bbc21f,initial,Wordpedia,3090,3410,23/02/2022
102,15d5a8b2-a5d5-488f-8e79-aa3f53427661,initial,Edgetag,2415,4085,30/08/2021
103,3d86929a-ab08-4de1-86ed-d237f31c975f,contratpro,Gabtype,4001,2499,8/10/2020
104,296937e6-e33a-40fa-86a5-133f1eb6408a,contratpro,Realmix,4447,2053,5/4/2021
105,f1ff3715-149b-4a93-b246-381807baf9b3,contratpro,Youopia,4881,1619,16/07/2021
106,5e849e5b-7342-4951-bcc8-d16c92027c7f,apprentissage,Oyoloo,3050,3450,20/11/2021
107,03efe47f-3bc7-4ed1-9cf5-5395387b40fd,contratpro,Divape,2926,3574,9/7/2021
108,e4229bf8-6bce-4618-b228-72229c7f68c2,contratpro,Nlounge,4484,2016,8/2/2021
109,4dff4028-3be7-4b1b-ae72-8495ea9830c0,initial,Twitterbeat,3508,2992,10/12/2020
110,1ced6392-e559-444f-a662-63e17aa49b7a,contratpro,Livetube,4399,2101,24/08/2021
111,fdc9537b-b4cb-480f-8140-0b8a50441124,contratpro,Bluejam,2786,3714,8/2/2021
112,83c6176e-978e-4886-a259-6159efbf322f,apprentissage,Brainbox,2389,4111,26/05/2021
113,43c8a144-acc1-4112-969b-cafaf4b90d89,apprentissage,Divanoodle,2529,3971,6/10/2020
114,50e23b3b-096d-4184-8b99-55d3195bf692,contratpro,Shuffledrive,2481,4019,26/12/2021
115,dd7b2c5e-0228-4b18-aeac-90e32065dab7,contratpro,Aibox,3269,3231,4/6/2021
116,4d3e9983-213c-4369-a754-bafe4a81e8ac,initial,Meezzy,3900,2600,19/05/2021
117,9e6fd7f7-421f-466b-b357-28cd7ff5cb95,contratpro,Jayo,2235,4265,8/10/2020
118,a5190226-87c8-421e-9d2d-2da0ea8d6cdf,apprentissage,Camido,4558,1942,6/9/2021
119,cc72e008-a562-4318-8184-d21129320fb2,contratpro,Yambee,3725,2775,21/10/2020
120,322735be-c82a-4aaa-a8d7-30ae3b937bf2,contratpro,Mudo,4728,1772,6/10/2020
121,867a82af-37ca-436a-8d7a-9f40ece680ea,apprentissage,Mynte,5864,636,26/04/2021
122,0f423be6-b1d5-4d83-b6b4-30297f2ecd63,apprentissage,Fivespan,4302,2198,30/10/2020
123,cb5aef61-d4fe-4dbb-8a69-63373f507536,initial,Skidoo,5477,1023,31/07/2021
124,79bb88d9-4a48-4ac5-a0b9-2c6205c2328e,apprentissage,Wordware,2657,3843,12/11/2020
125,05c0da6c-6217-4cf2-9571-c41f526f99e9,initial,Voonyx,5241,1259,14/09/2021
126,5f1611b1-d32f-485c-9e0c-5e6f4c2f6733,contratpro,Twitterbridge,2049,4451,28/01/2021
127,5bba7890-6dcb-477f-af05-b8d749364a0d,contratpro,Edgeclub,2345,4155,13/09/2020
128,3e770baf-a495-4847-9a26-25fb1b8d976d,apprentissage,Yambee,5051,1449,22/08/2021
129,4ac53896-163b-4ec3-b8bd-e297928ad380,apprentissage,Yakitri,2663,3837,6/6/2021
130,91ebb98a-970b-4ee7-8413-5328353221c4,apprentissage,Babbleset,5744,756,13/07/2021
131,50657d64-1c5e-4eb5-b441-6b4691e78e63,initial,Meezzy,3144,3356,12/2/2021
132,56f8066c-207a-476c-835d-cb48ebfd2417,initial,Flashspan,4377,2123,31/05/2021
133,84ffdc44-fe6c-43a5-8691-e0070367dc2a,initial,Camimbo,3170,3330,25/09/2020
134,d1b2a938-35fa-441f-8174-ac2b73c8122e,initial,Realbridge,4287,2213,29/01/2022
135,4148a5d3-50a8-4a0f-af99-18380487e3d7,apprentissage,Yakijo,5169,1331,13/02/2022
136,f598554f-29a3-4793-977a-420bcb3dca6a,apprentissage,Skinder,3496,3004,26/10/2021
137,510cab1d-2e5a-4156-bde8-3bfd064dc8e0,apprentissage,Flashset,3003,3497,14/12/2020
138,bd450912-e0c0-40d2-a011-1ca29c1bea6b,apprentissage,Edgewire,5763,737,1/9/2020
139,cd911f7e-cceb-4d20-ba2c-e53c6d523c86,initial,Twinder,4437,2063,12/5/2021
140,667bdd93-5b7c-4f2e-b6ab-d2342c43afe2,apprentissage,Kwideo,4804,1696,31/10/2020
141,0411a287-6b21-4141-98ad-1f2c7d8316c5,contratpro,Thoughtstorm,4830,1670,10/2/2021
142,263bf8aa-486a-4982-af30-4e6f681aaf66,contratpro,Camido,3707,2793,5/4/2022
143,5ac729d2-60a4-422c-b9a3-74e0a075b8b4,apprentissage,Dabtype,3743,2757,19/12/2020
144,69bad496-c1ad-4b48-afdb-1ae71a69537a,apprentissage,Leenti,4119,2381,7/10/2021
145,f766d489-ff65-4396-9b2b-d04df5ba4468,initial,Mycat,3762,2738,4/2/2022
146,25cca2e0-85cc-4546-9064-f2c3d06add18,contratpro,Fanoodle,3208,3292,27/10/2021
147,db9ffeb4-0691-4c20-9915-06f65f0e2c50,contratpro,Roomm,2933,3567,19/01/2021
148,00bcb22c-835d-44c2-a998-417cc7cdeb9c,apprentissage,Gabtune,2340,4160,24/08/2021
149,ea6cbe85-b270-4049-8f44-9b3fdbd327c6,contratpro,Livetube,3074,3426,9/11/2020
150,d51f4fa6-0d12-4a3e-958d-13d2f582fb51,initial,Aibox,3243,3257,3/9/2020
151,bff8aeb3-6f05-4440-9ba2-c46584984443,initial,Innojam,2901,3599,25/05/2021
152,03dccd50-cabf-4387-9560-6c2f3f9c246b,contratpro,Quatz,5780,720,22/04/2021
153,0b9ccd8e-65a1-4414-ab26-52675b3b7174,initial,Skyble,3902,2598,27/06/2021
154,46472f35-1eff-4185-ba02-2105088be881,apprentissage,Rhyzio,3436,3064,5/6/2021
155,0e593084-462c-4341-a005-d9ae260bc067,initial,Youfeed,4169,2331,3/4/2022
156,db9a27b7-6325-400a-8a59-e6694997cb99,contratpro,Innotype,2955,3545,6/7/2021
157,90d8d2f5-6be6-4cdc-81be-15843af81a80,initial,Dabshots,3826,2674,8/7/2021
158,e720313d-3274-47fd-9392-6d0e45e414ff,initial,Oyoloo,2820,3680,1/11/2020
159,ddd19ea9-bd8c-4cd9-909e-1078ea7db034,initial,Oyondu,3539,2961,18/07/2021
160,9e69e4bf-3218-436a-9ddc-1ba4e7e0e9a3,initial,Voonder,2022,4478,22/02/2022
161,c72a7f25-bfc4-4f2d-9f15-6f62d2bc6276,contratpro,Jayo,2455,4045,28/04/2021
162,b705cedb-faca-47f5-a262-0ceddd2a40d6,apprentissage,Flashdog,4838,1662,10/12/2021
163,753d664f-fced-4000-a11f-94779d577727,initial,Ntag,3913,2587,6/1/2021
164,20f58f4d-4b55-4f05-b18a-966a23ec8c2c,contratpro,Jaxspan,2401,4099,9/1/2022
165,cd2ba93f-0048-40d5-99ab-452fb9c22c0a,apprentissage,Ooba,3265,3235,19/05/2021
166,7b814d8e-c057-46de-a15d-dca77bf6438e,initial,Shufflebeat,2099,4401,19/03/2021
167,065fd7a8-1030-46fa-ac2e-cb48664cc038,initial,Cogidoo,3664,2836,14/06/2021
168,31cce666-ee6d-49f6-a40d-a0124b54163f,initial,Thoughtblab,2297,4203,11/7/2021
169,5904819b-80cf-46db-9a7a-829ab43ade35,initial,Photolist,4150,2350,28/06/2021
170,d9b971ac-be4d-46e7-b7c4-a012e3d65866,initial,Blogtag,2951,3549,25/01/2022
171,d75d1b4a-f462-4b3d-8d8d-f7e8e7234fa4,apprentissage,Abatz,4263,2237,20/08/2021
172,2b6eab82-7587-4bee-9d20-26590cec0350,contratpro,Tazzy,2446,4054,6/9/2021
173,3bae2647-e029-409d-92bd-8128e395c937,apprentissage,Topicblab,2335,4165,13/10/2021
174,66fcfb5f-845b-43bd-a1a9-331e60737708,initial,Ntag,3041,3459,11/11/2020
175,b77d0c5b-f73a-41b7-a1b4-76b7a39418da,apprentissage,Devify,5071,1429,13/10/2021
176,dcdf8c8e-deb6-4ca5-99dc-f749a37e615c,contratpro,Gigaclub,2819,3681,15/05/2021
177,d1494d27-a4f2-4923-99b3-48b436100b85,initial,Realbuzz,3057,3443,6/2/2022
178,ebce8812-3fd1-48f8-8293-01ccb68ac793,initial,Tagtune,5826,674,8/1/2022
179,0510ce27-aa19-4d3f-b24f-bbdb409ec94f,initial,Eimbee,4360,2140,3/3/2021
180,ae834c34-3a98-4c73-a7da-f712ea759faf,contratpro,Babbleset,2834,3666,27/04/2021
181,ef53e788-4c1c-4fc9-9bbf-06b6d2dad782,initial,Eadel,2256,4244,20/04/2021
182,9d6d9615-9c5d-411e-b815-adda07d77d0a,apprentissage,Browsetype,3794,2706,7/10/2021
183,ff88ded8-b581-4957-bbff-f8ec755dd309,apprentissage,Twitterworks,2073,4427,8/10/2021
184,93b968bf-17c7-42dc-8c99-224514d48dab,initial,Leenti,2897,3603,25/03/2021
185,28a21846-fccb-4970-9787-0edfd6e60af5,initial,Zooveo,2466,4034,22/07/2021
186,9de1c0f0-daeb-4432-89e9-c7d4c7ef9f56,contratpro,Latz,3692,2808,2/10/2021
187,f7c86350-6275-46df-9f0d-9d0be8e0009a,apprentissage,Skalith,3733,2767,9/11/2020
188,0c0c8abe-bf91-42c5-83b0-45b5a30f8bcd,apprentissage,Tagtune,5838,662,1/2/2021
189,ca7a5c98-f761-4b55-a7ee-767da5975ef0,initial,Talane,5272,1228,4/1/2022
190,233412e8-328c-4c48-95e1-6eb7ca422133,initial,Eayo,3125,3375,17/01/2021
191,f147fe13-f9a2-474d-948e-af432b76e27c,initial,Aimbo,2479,4021,6/4/2021
192,325efc36-b92b-4707-b44a-d034a91f5297,apprentissage,Quimm,5618,882,25/10/2020
193,e5a49e1e-a07a-443a-a2e5-b9c4e94d7381,apprentissage,Rhyzio,2094,4406,14/03/2021
194,e5362064-382a-48c0-953d-15215c70f5a1,apprentissage,Miboo,2736,3764,21/12/2020
195,a36a4fbc-2794-4ee7-909d-683c1f25a488,initial,Eamia,3993,2507,27/10/2020
196,2a8f1aa9-346d-40c2-bb9a-de0ba71620c3,initial,Edgetag,6000,500,15/11/2021
197,e9091be5-5c19-4939-8c0e-327f406b2296,contratpro,Twitterwire,4445,2055,12/9/2021
198,4a8089a3-a9ed-4cb1-9a5f-cc0599ce04f7,contratpro,Kwilith,5724,776,8/11/2021
199,b6094782-b558-4d4c-bc93-6a365998c672,apprentissage,Tagopia,3519,2981,14/11/2021
200,cd3ad628-cbd0-48d0-b793-9c42ce4035f9,apprentissage,Podcat,5018,1482,15/10/2020
201,fbf83a88-f3e0-44a8-931f-52ff39b898d6,contratpro,Wordtune,2123,4377,26/03/2021
202,baf11e60-833b-422b-b653-180cc1f8d4ba,initial,Eadel,2350,4150,14/10/2020
203,8e5257c1-672b-415c-b5a4-5dbea99787bb,contratpro,Digitube,4325,2175,18/03/2022
204,127e5dd5-fef7-47e0-9e95-799d9c65ebc9,apprentissage,Skinder,4880,1620,20/05/2021
205,a2be0f50-f633-435b-b28c-3b47ffee0226,contratpro,Mynte,2535,3965,31/12/2021
206,d8e8f9db-7d2a-4007-86cd-989801bf601f,initial,Photofeed,3958,2542,5/11/2020
207,464a740f-d973-42c0-9630-5e6bcbedde59,apprentissage,Babbleopia,5478,1022,6/9/2021
208,8fbcf4a7-b79f-4bd9-8dc6-f66400c322e4,contratpro,Avavee,2774,3726,8/12/2021
209,85d66527-2d3d-4c5a-b07a-6b94eb3aebcd,contratpro,Youfeed,2471,4029,20/11/2020
210,ff64b24a-9de6-4c14-b2a8-d3022dc22693,apprentissage,Meevee,3696,2804,14/02/2021
211,fa25da50-c03f-4ff6-89a6-147db65a0f81,contratpro,Jetpulse,5357,1143,24/09/2021
212,10ffc97c-bf6a-4e70-8862-95e7946c6813,contratpro,Tagopia,5678,822,7/1/2022
213,e85612dd-3f6b-406f-8b63-a31b15dafc16,initial,Tanoodle,3664,2836,6/7/2021
214,6d55e810-fa38-47e1-bfb6-0fdaf990bfcf,contratpro,Skivee,3950,2550,26/02/2021
215,4845b9c8-0e73-456c-8010-346a75654c44,contratpro,Oozz,2446,4054,12/5/2021
216,5b8b32d4-d5c5-4b49-a8fb-2e62df27f7f1,initial,Wordify,3280,3220,23/10/2021
217,9041ce68-5ec4-4344-b13b-889c9db2e868,apprentissage,Trudoo,2880,3620,27/03/2022
218,2eeb50f9-3cf6-46e0-a510-27bc3946d1b4,apprentissage,Twitterworks,5885,615,5/4/2021
219,24f9a9b5-f1db-400e-8b2b-be15ff9e6d87,initial,Brainbox,2588,3912,14/12/2020
220,61bc0588-cab8-41f4-81f1-86b5d05cb913,apprentissage,Skilith,2159,4341,23/03/2021
221,fb7e899b-0f50-4dc4-b99c-466c12c26a2c,apprentissage,Rhynyx,5030,1470,17/03/2022
222,2e3aa973-80e5-4299-a309-84ec041deef0,apprentissage,Youspan,5574,926,17/07/2021
223,63bf2b55-15d3-4471-9731-a6b214946552,contratpro,Avamba,4425,2075,28/09/2021
224,59120325-7d17-4ba9-9bf3-beef3179e83a,contratpro,Brightdog,3227,3273,28/02/2022
225,eeef1d65-d66c-4f7e-8a77-72c2b7715d01,apprentissage,Kamba,3074,3426,22/11/2020
226,6aeaead5-c0d6-4c1c-8f55-381eac5a6c77,contratpro,Agimba,2679,3821,23/12/2021
227,249d84a9-7783-4178-a48d-1ea631eb7012,contratpro,Mybuzz,3550,2950,23/01/2021
228,681cf256-a584-44b3-87ea-9ed2b6b5ac2f,initial,Skimia,2035,4465,20/04/2022
229,43f4a939-4a5c-4b71-bb8a-e463d3595ad6,apprentissage,Realpoint,3028,3472,23/04/2022
230,7e7f4f27-0ed9-45a9-9804-7c0e3458c862,contratpro,Jabbercube,5656,844,13/04/2021
231,839df985-156e-4f45-9d29-d893f23e0170,contratpro,Tazzy,4016,2484,17/08/2021
232,222305c4-ee30-438e-862a-85500e13d757,contratpro,Rhynoodle,4419,2081,14/06/2021
233,e5a64899-a0c1-4551-9970-dde195f40bce,initial,Geba,4848,1652,27/11/2020
234,273b35ec-785e-4e48-bdf5-9063134b63f7,apprentissage,Yoveo,2242,4258,21/01/2021
235,b3c5337f-5660-4cba-bd0a-a0052e0e9b75,apprentissage,Divavu,2409,4091,28/08/2021
236,67f5a41e-1ddd-4a19-a469-f51ff0985c0c,apprentissage,Avavee,4184,2316,15/04/2021
237,ddd0f846-a648-432a-b96c-04082d7c07ec,initial,Livepath,4427,2073,11/2/2022
238,1b946727-2a77-4b8b-8774-3d650548c6a8,contratpro,Katz,4997,1503,19/09/2020
239,faa13a5d-a72d-4910-82ba-8ef093dd85fe,contratpro,Tagfeed,5715,785,31/01/2022
240,667cb199-3116-44b6-a6a4-64305c8ca637,apprentissage,Linklinks,2503,3997,23/08/2021
241,5e0b0233-9574-4978-b77d-8cd644bd7a7b,initial,Voonder,5059,1441,14/01/2022
242,b3faaf0e-18dc-4711-b13b-8d7e7fcb0c8e,apprentissage,Abatz,5279,1221,11/3/2022
243,1fa03d90-b565-4d6e-ab60-a61c1baad1d2,contratpro,Shufflebeat,4666,1834,13/04/2022
244,f94d0744-f364-4e45-b3f8-ad222a34c31b,apprentissage,Skibox,2292,4208,13/01/2021
245,6edd48fb-bc5b-45d3-8f4a-5bc74c604711,apprentissage,Dabvine,5043,1457,24/01/2022
246,5c34c4f5-5b2c-46f6-9143-ed5e03aaae84,apprentissage,Brainlounge,3041,3459,17/09/2020
247,db459d1c-e832-4a51-bd03-f7974d8a309a,apprentissage,Dynazzy,3057,3443,6/7/2021
248,6a48759d-8c81-4989-9299-1c8478c722ef,initial,Demimbu,5591,909,22/01/2022
249,30d3eec4-146f-47f9-865a-d4f8ef793822,contratpro,Wordpedia,3584,2916,19/12/2021
250,2674e1c8-9514-4e6d-aaf3-79c012173dd8,initial,Vipe,3901,2599,1/4/2022
251,36462f1d-2fb8-44b6-aa56-7798709afb5b,contratpro,Topdrive,4514,1986,19/10/2020
252,7e96ad7a-12b5-4139-a169-59c89d2be4f4,apprentissage,Jaxworks,3256,3244,17/11/2021
253,fabf0e8c-21ed-4bc5-bca4-37a2158ec0cf,contratpro,Wordify,4116,2384,31/01/2022
254,b644a975-4233-4d97-8e51-a21327164cff,contratpro,Vimbo,3169,3331,31/12/2020
255,57af6211-01fc-40cd-9383-057f6d69c8d3,contratpro,Yakitri,5261,1239,17/09/2020
256,1907d027-8bb6-48e3-bbae-300c3e86975d,contratpro,Layo,3566,2934,29/10/2020
257,adcb5201-ac3c-49bd-bd59-519cdf095da1,initial,Devpulse,2329,4171,20/02/2021
258,1af83e5b-bf82-4db8-ba1c-c7191a8e9d3c,apprentissage,Quimm,2166,4334,27/11/2021
259,bb1897df-017e-457b-af92-5f96c0286231,apprentissage,Meeveo,4203,2297,7/1/2021
260,51db0a19-6854-43fd-9f6c-4c2f89e535ad,initial,Innotype,3699,2801,4/8/2021
261,371b49c5-c767-4b00-8e3b-68875c947e82,initial,Jetwire,2009,4491,1/9/2020
262,77c39473-9b32-4389-b40d-31aaf66412c9,apprentissage,Dazzlesphere,3558,2942,31/01/2021
263,b75df88c-cb07-4046-908d-69922c3a98d8,initial,Mita,5884,616,13/12/2021
264,3c058c44-002e-4eb8-a551-8dd27e7e26ef,initial,Demimbu,3769,2731,21/05/2021
265,543c9bcd-66f7-44a7-ad1c-552e6fc6b32e,contratpro,Fliptune,3788,2712,19/04/2021
266,35599a12-e197-4faa-8881-09a80f55901b,apprentissage,Oba,2204,4296,5/9/2021
267,c13c8f75-ba13-41cc-bc74-807239452074,contratpro,Devpulse,3852,2648,6/6/2021
268,2365e145-ce59-46d9-bba2-76db99eb068c,initial,Innojam,5140,1360,17/06/2021
269,00190731-c2f4-4b49-a8de-fc38ae595994,contratpro,Yombu,5342,1158,5/4/2022
270,1f70c6ab-0920-44d7-a367-3d407f9d5599,apprentissage,Blogpad,4768,1732,3/1/2022
271,93a0cb87-8e21-42e0-9695-f41fd6ae4554,contratpro,Skyba,2880,3620,21/04/2021
272,d7c73fe8-35ba-4c13-9ec1-bb7d6c75a89a,apprentissage,Gigashots,4242,2258,4/9/2020
273,04f0257c-9a6a-4e61-a8f7-12dd27a22c5d,contratpro,Cogidoo,2743,3757,26/08/2021
274,276ee30b-53a8-4477-a4e8-9f434fd00a51,apprentissage,Wordpedia,2665,3835,25/02/2022
275,20bc8c59-6d7e-4717-9c91-b16cd792d436,contratpro,Quire,2541,3959,20/01/2022
276,752c9350-45ab-4e0f-beac-a9e8a9a9fea1,initial,Mycat,2049,4451,2/6/2021
277,f1cd1632-c1b7-4320-bee8-a513e5167e75,initial,Babblestorm,4233,2267,28/06/2021
278,e579faf2-bebf-4516-adc1-ce77b8777631,apprentissage,Voolia,2721,3779,22/05/2021
279,c8cf87e4-7bcd-4388-ad3d-121709ac1914,contratpro,Realbuzz,3769,2731,5/1/2021
280,691ad79e-b34b-43c2-a0fd-3b0abb217fdb,contratpro,Jaxspan,2511,3989,18/04/2021
281,d5bb756d-4cd7-4d5d-a83b-28c5fd40b44c,initial,Avaveo,4798,1702,15/12/2021
282,dd08585d-a252-4828-97f6-3ec83d020212,apprentissage,Edgewire,5266,1234,6/2/2022
283,26ff7e41-d401-4ec3-9b3e-c70b33b29662,contratpro,Oodoo,5450,1050,8/5/2021
284,63e4e904-6b6f-4b36-8f04-9ece8750d6f3,apprentissage,Edgetag,5334,1166,4/11/2021
285,f467b51e-fea9-409e-8353-537366ff66e6,initial,Innotype,2475,4025,20/02/2021
286,8b0ff2a9-d670-4579-a190-36625fb55809,apprentissage,Wordtune,5404,1096,11/3/2022
287,04295a17-99f1-4148-8c25-d9a78edbde3a,initial,Kare,4071,2429,27/07/2021
288,5b20d954-6af9-4651-a40e-4e9884f24561,initial,Skimia,3754,2746,9/11/2021
289,19125851-c464-45e6-a54c-5eaafebde5a4,contratpro,Gabtune,5800,700,10/1/2021
290,b39a2b95-faa7-4c7e-93e0-975710d9483c,initial,Layo,2595,3905,26/09/2020
291,9043994c-81f3-4f62-8be6-175757719442,contratpro,Katz,2489,4011,2/5/2021
292,97bdebbb-72c0-41a2-8e38-f45b774d783e,initial,Muxo,5187,1313,6/9/2020
293,1aa259b0-cda3-4658-8d62-55a5743db351,initial,Voolia,2751,3749,24/10/2020
294,89f8a9df-261b-4b4f-a838-028521c60636,apprentissage,Mita,2730,3770,21/10/2021
295,1648091b-bd30-4f52-af24-464fec503045,apprentissage,Tambee,5075,1425,13/11/2021
296,3041aaca-e40a-425f-8322-ea5713620a0c,contratpro,Topiclounge,2072,4428,9/5/2021
297,59dd97a9-6c76-4487-bf53-f65082be91f8,contratpro,Twitternation,5770,730,16/07/2021
298,57f47657-5f20-4af3-b6a0-59acfea71ee7,apprentissage,Yambee,4314,2186,30/03/2022
299,74027a4b-177a-4662-99ed-8a10fba24b15,apprentissage,Avaveo,5776,724,28/05/2021
300,1f18f8e3-2af3-419b-a068-defc5690aa5a,initial,Skibox,3127,3373,29/03/2022
301,f41621dc-7f75-4a44-a058-5d4970f91ee3,apprentissage,Kayveo,2865,3635,6/10/2020
302,32ab2057-fe9f-40f5-8924-8475de831e49,initial,Tagpad,5168,1332,26/06/2021
303,8b8aedc9-3872-41c6-bb87-f5cdb309d878,apprentissage,Gigabox,5577,923,19/07/2021
304,aca87ebd-aa95-4ff0-aa15-00fc46591d4e,contratpro,Photolist,5608,892,10/11/2020
305,4a71876f-3fd2-4afd-a759-d23d0e1836a1,contratpro,Kazio,4666,1834,22/02/2021
306,9201c4ef-54ef-4114-bfeb-ac31d25af708,apprentissage,Yoveo,4318,2182,30/05/2021
307,7c3531a3-d3cf-4603-a579-be343bd20111,apprentissage,Shuffletag,2716,3784,6/12/2020
308,63c75ed1-38d3-46eb-a939-53776245ff19,contratpro,Quamba,2034,4466,23/05/2021
309,6c456886-8ca4-4045-a407-882cb3c9b4f7,apprentissage,Skinder,4071,2429,25/07/2021
310,970caf01-f6a0-48bd-b323-43cb32306156,initial,Fivebridge,2628,3872,1/3/2022
311,51e795c1-d4ae-42b4-bb15-73b51822accb,contratpro,Thoughtsphere,5797,703,31/05/2021
312,f78d6b97-e92f-4d22-8d23-ecf88910966f,apprentissage,Jayo,4598,1902,26/04/2022
313,99c04f04-1026-4cd8-afa8-e2e92dc53df5,contratpro,Realcube,4781,1719,4/11/2020
314,c556a57c-eee0-46bd-b362-47d4d9a502a9,contratpro,Roombo,3814,2686,7/11/2021
315,52cb19db-41c6-43f2-b299-eefaf10f1135,initial,Thoughtmix,3201,3299,3/1/2021
316,8b25ec20-f30c-4860-b557-1abf470b670b,apprentissage,Photobean,5867,633,9/7/2021
317,352e4e72-c52e-45fc-a3f2-36ba8d4e0016,apprentissage,Ailane,3531,2969,2/4/2022
318,3deec58f-3436-4ba0-a8ac-f5f92f7719c3,contratpro,Fiveclub,5099,1401,21/07/2021
319,d9013910-e6b3-489e-b82d-9a7bd5709998,contratpro,Leenti,5174,1326,8/2/2021
320,da97bfd0-e878-4b24-ae63-5ee7a539a5e7,initial,Realbridge,2577,3923,24/02/2021
321,a0c63ce6-165e-47a8-81c8-51981f9200cb,apprentissage,Cogibox,3872,2628,7/12/2021
322,d7efd813-c0a7-40e6-bc92-4cb1b48bbfd7,contratpro,Kazio,3078,3422,7/11/2021
323,bd2607b2-78eb-4a57-8a94-ee28ffa73cf0,apprentissage,Yacero,2118,4382,17/02/2021
324,9c749e31-d90d-4ff5-b194-100b9c5a0d53,apprentissage,Skinix,3876,2624,16/06/2021
325,2236dbc5-0fed-41bb-abb9-f1ae8fe4fd5e,apprentissage,Buzzdog,4835,1665,20/01/2021
326,07314c6d-5eec-40a1-9582-ecf6ff56c7ca,apprentissage,Quimba,2510,3990,29/09/2021
327,d25355bc-653b-4650-9692-448f659f1a52,contratpro,Avavee,3310,3190,30/09/2020
328,3b3be0d4-21b3-4a3b-a8fa-6e1501ef9924,contratpro,Twitterwire,4619,1881,2/5/2021
329,428d86aa-ffc9-4809-b51f-8f3f2098274f,initial,Oyondu,4909,1591,19/04/2022
330,0fca25da-efd0-4bc1-9771-e7d02235eb2b,initial,Ntags,2840,3660,20/02/2021
331,3a59d274-accc-48d8-9c5c-730720ef3fea,contratpro,Pixoboo,4174,2326,15/01/2022
332,7195bfd2-1916-4e7b-b164-9d2a9b2ccefe,contratpro,Muxo,4533,1967,5/11/2020
333,9f7ecbfd-4045-4a95-b0a0-dae604df839b,initial,Bubbletube,4463,2037,2/4/2022
334,0693f01a-1346-41af-a4b6-78109c6c6c85,contratpro,Jabberstorm,4034,2466,25/03/2022
335,62caf22b-fa73-4e73-9803-92f9e2785e6a,contratpro,Realbuzz,2033,4467,20/09/2020
336,fee76825-b09b-4776-a16c-d3d1cf269a48,apprentissage,Feedbug,5892,608,13/10/2020
337,712b8d23-1403-48f7-af80-8f1763c4feb6,initial,Chatterbridge,3676,2824,24/01/2022
338,386f4941-88b8-45e8-aeb2-aa87884ce5b0,apprentissage,Jabbercube,3973,2527,1/11/2021
339,b037d4a1-fead-4eef-81cf-b5740ac3af47,initial,Meejo,3434,3066,9/9/2020
340,c51ef5f4-7100-47b5-bb0a-21e4acada46c,initial,Centidel,5662,838,23/09/2020
341,9b53ba7a-ce06-4d0c-bbbe-7e5d58b394b5,apprentissage,Agivu,2752,3748,11/11/2020
342,4c98236f-3414-4761-843d-8fa96aeb7197,initial,Fadeo,2718,3782,30/12/2021
343,04b3dfab-94fe-46f4-9c04-ec040d647fb7,initial,Yodoo,3238,3262,11/2/2021
344,db43bc2b-7264-4075-8df8-6101e8a993ad,contratpro,Rhynyx,3337,3163,23/09/2020
345,c5d4e5d0-5a5a-46e4-867a-ba0500cb7372,initial,Wordtune,2435,4065,7/11/2020
346,b460851f-4f09-4d4d-94a5-53be967fc255,apprentissage,Yacero,5991,509,30/11/2020
347,0703670a-32da-4ef2-87d8-9a9c7fb1968e,initial,Kwilith,5286,1214,22/04/2021
348,f164db61-fbee-4ff6-b0de-70d43fa43e4b,contratpro,Realbridge,2322,4178,16/11/2020
349,1cf4c6ef-6192-4787-b4be-fc4cda616115,initial,Oyonder,3811,2689,19/02/2022
350,f458c8e1-ff71-44d7-ac5e-3f98ee44ce5a,apprentissage,Gabcube,2821,3679,2/11/2021
351,d47ea920-ed13-4ac2-bd5b-6296eb627f1b,apprentissage,Shufflester,5243,1257,16/09/2020
352,961cc844-8dc3-4cbe-a2a5-bae8b8ba60b2,initial,Thoughtbeat,5338,1162,5/3/2022
353,19439dd2-6b32-4ba2-a890-5bb41bd57cdf,initial,Edgeify,4207,2293,21/04/2021
354,d8f0c0c7-f9f2-40aa-8a35-efabff1035f1,contratpro,Mynte,5661,839,13/12/2021
355,77f31a57-8d8c-48bb-b8a7-19d458bf85e2,initial,Gevee,2071,4429,19/07/2021
356,4cdd6e64-769c-40cb-9f49-14fcff5ee71e,apprentissage,Voolith,3053,3447,24/03/2021
357,8d649527-937c-4f67-8956-7785d7ff7c5c,contratpro,Tagtune,4684,1816,9/1/2021
358,fecf3be2-e206-43ac-8e19-e7a6634ec97d,contratpro,Photofeed,5192,1308,26/08/2021
359,b725bbc9-532e-408c-bcf7-4574f59c5e86,contratpro,Kimia,3804,2696,13/10/2020
360,e81b8203-3137-41ec-9bc0-8f6c420e0360,apprentissage,Aimbu,3919,2581,10/2/2022
361,b58b58d1-33f6-4c77-a8dc-cf4624d7dadd,apprentissage,Quamba,3878,2622,14/02/2022
362,0f0ae141-da7f-4551-8274-65dc243e2c67,contratpro,Vipe,3135,3365,2/4/2021
363,6c222290-ca4f-467b-9f80-2ed571f4ba84,contratpro,Rhycero,2056,4444,16/07/2021
364,cb351af7-cbca-4341-bc50-5110669ef752,contratpro,Skynoodle,4292,2208,5/7/2021
365,646a13b4-7754-43d2-b3e7-79a74f71ed72,initial,Rooxo,2686,3814,24/03/2021
366,b9b3a7df-338e-4ef0-9d84-f3b35503fd64,contratpro,Yakidoo,3707,2793,3/3/2022
367,f9f24d8b-c078-4ce8-bcbe-2e473fca3633,contratpro,Meembee,2882,3618,19/12/2021
368,b32c7bbb-ba5a-494b-9f76-b806b8572c1c,apprentissage,Yakitri,5122,1378,4/2/2022
369,8f5cdba5-e4b2-43ad-aba6-5cb73e302455,contratpro,Youopia,2950,3550,4/4/2021
370,7c6c0c7b-2a11-433c-a902-26acea9e4134,initial,Ntags,5256,1244,27/12/2021
371,f1e5476c-5b86-4135-bb6f-26e96fe1cb97,contratpro,Twitterwire,4815,1685,11/9/2020
372,58d94cf6-fc11-4dcd-9e43-2f67db56424a,apprentissage,Yodo,2905,3595,26/10/2021
373,383d0bbe-1d2c-4508-b584-b3af2598ee82,initial,Demimbu,4532,1968,14/08/2021
374,49d5208b-6cb9-401b-b211-fe07cb1ea0a0,contratpro,Linkbridge,5065,1435,7/8/2021
375,3fd730c6-d2bb-4660-9089-57b6b75b1bc9,contratpro,Dabfeed,5308,1192,25/03/2021
376,8b54fd03-2720-4a7c-90d0-f81485e262f6,contratpro,Mynte,5257,1243,4/2/2021
377,5441056e-2acb-41ff-848f-a13d97178f90,initial,Feedbug,4990,1510,4/6/2021
378,1b46e9a9-6de8-4059-bab1-f688668cb4e0,apprentissage,Lazzy,4041,2459,4/3/2022
379,d529ae65-f9f2-4ffb-be4b-b6be5d5353bb,contratpro,Jabbercube,3345,3155,13/08/2021
380,d116c20d-d5d3-4d92-89b0-4d5059b273f1,apprentissage,Photospace,3908,2592,21/12/2021
381,0348ec0b-bfff-42ea-937b-8f485fc845e5,apprentissage,Ainyx,2487,4013,4/1/2022
382,6231d3e3-d0b5-4671-9a24-ada6de9dbf5a,initial,Topdrive,4728,1772,16/07/2021
383,1fa6ad7f-13ef-4790-bfb7-bd1e663db325,initial,Yakitri,5913,587,22/04/2022
384,59bbde15-eacd-44e1-8f76-773d94d88354,contratpro,Realfire,5732,768,26/01/2022
385,c278da2d-a078-42bc-8722-5bad8290e267,contratpro,Tagpad,5644,856,5/1/2021
386,5e3883bf-4955-4f0d-b16d-1099f47dc5e0,contratpro,Jaxworks,3713,2787,7/1/2022
387,6f651bad-f7bb-477b-8a21-0072644c1152,initial,Photobean,5247,1253,25/07/2021
388,0fccf23d-d9e1-413b-aba2-f3e06a4be069,contratpro,Realcube,4511,1989,23/09/2020
389,38c8fbdf-1ff1-4f85-be6c-da5370fa168d,contratpro,Meevee,5183,1317,26/11/2021
390,a68a2b9c-301e-4bac-960b-c49488ee1082,initial,Tekfly,3677,2823,24/06/2021
391,455bc8bf-9e62-4685-966d-b2cc61f9fcf5,apprentissage,Oloo,3121,3379,17/12/2020
392,55e149a8-74ac-4169-8227-31ca26d97280,apprentissage,Kimia,5977,523,20/09/2021
393,9081cb83-8e65-497e-9d69-d56fe22def4f,contratpro,Talane,5879,621,29/07/2021
394,462f4753-e261-47d8-b5bc-76a27c5b62ba,initial,Fadeo,4285,2215,25/01/2021
395,8d11681f-de38-4561-bead-f3478ca3046b,apprentissage,Thoughtworks,4315,2185,17/09/2021
396,15ad24b3-a750-40bc-93a9-7182a03ef6f5,apprentissage,Livepath,2160,4340,26/03/2021
397,d340b0ed-8ba7-464c-8096-0daa0d33d4f2,apprentissage,Jazzy,5733,767,5/3/2022
398,47bf5736-353e-4e73-97aa-32ebd4ab2f0d,contratpro,Camimbo,3200,3300,6/10/2020
399,0fd43cea-dab0-4069-895b-9389659aa012,apprentissage,Eidel,5245,1255,23/11/2020
400,99314d5a-0181-4e36-8ed6-17a4f460e2f2,apprentissage,Realcube,3418,3082,16/02/2021
401,75f6eb12-c1d8-43f4-918d-0efeb32b8827,contratpro,Jabbertype,3736,2764,20/12/2021
402,d658753a-c0d8-4df0-b191-fcc1652ec7a9,contratpro,Vimbo,4841,1659,3/11/2021
403,e81919f3-fab7-432a-befb-5c9a67e27b43,contratpro,Flashdog,4806,1694,30/12/2020
404,e3a85a2b-5f94-4338-95eb-efcf9ea2c5a7,initial,Snaptags,2826,3674,7/12/2020
405,fec54dfd-e6b9-45b5-8822-69efc1d5ce84,contratpro,Jabbersphere,3039,3461,11/3/2022
406,95129302-5c10-48ff-aa4a-2ccd69344502,contratpro,Livetube,2314,4186,9/9/2020
407,6c593966-d048-45dc-97db-81f893d8bef1,contratpro,Livepath,4383,2117,2/9/2021
408,5eb7357e-799b-494e-8a9f-8a3d17f93256,apprentissage,Skynoodle,2679,3821,2/10/2020
409,3b0e1c6d-ad12-40f3-aada-d8eaef35bd0a,initial,Bubblemix,5613,887,19/10/2020
410,cb992a29-69a3-4aff-84bb-6b5076b52660,contratpro,Fliptune,4996,1504,18/04/2021
411,a37800e7-c136-4b3b-8699-93381325cd25,initial,Rhyzio,5427,1073,24/06/2021
412,a952f49f-7250-4342-b422-166da10fa73d,apprentissage,Riffwire,4887,1613,21/03/2021
413,fc291e20-e110-43e0-b660-8a16ff678f9f,initial,Kwimbee,2428,4072,27/06/2021
414,def90527-14bd-4631-90f7-5b339dd43448,contratpro,Einti,2670,3830,9/3/2021
415,cfd2c9ea-bdbd-4485-baee-1def21bc8d03,apprentissage,Kwilith,2935,3565,23/10/2021
416,5692c807-907f-409a-be23-8abd826a91ad,apprentissage,Brainbox,4274,2226,30/12/2021
417,df5b1b50-de26-41e5-8603-a014da688267,initial,Livefish,5702,798,11/2/2022
418,9fd04284-6a1e-40bd-baf0-73ec2b75a874,apprentissage,Realcube,2774,3726,13/01/2022
419,8006efa3-f22a-42dc-93e3-3ebf477d535c,initial,Npath,4198,2302,2/11/2021
420,12d37696-9a9d-4230-971b-5a5c3d9f145c,contratpro,Twitterlist,3270,3230,19/12/2021
421,14740338-b201-43a1-a390-a740cc9e780a,initial,Buzzshare,5268,1232,25/04/2021
422,2cf92caa-16a7-45e4-bb56-e88d5df27328,apprentissage,Tagcat,5032,1468,16/05/2021
423,8dca27bc-a573-4c39-845f-16ee420ef4cf,apprentissage,Divanoodle,4275,2225,4/11/2020
424,2f6fee2c-56ab-411b-8aa4-2cfc221f6c13,initial,Aivee,2032,4468,2/9/2021
425,2e715a83-6e53-49b1-a8dd-7de5e415ce87,initial,Flashpoint,3626,2874,4/2/2021
426,d9f15085-0948-4567-8ecc-571a6ea5f909,initial,Plajo,5226,1274,24/09/2020
427,b2a4b47d-ab92-4348-86ba-45087acc3523,initial,Jabbertype,4506,1994,17/09/2021
428,6f88ae04-060c-446d-ac2a-13dfcb6e6132,contratpro,Yozio,3390,3110,9/12/2020
429,14315814-ca38-4aa6-97c1-ac6b8288e666,initial,Twitterworks,3199,3301,28/08/2021
430,9a5f71ca-a4a6-4a97-9bf3-e9cd480e1d60,apprentissage,Flashspan,2449,4051,10/12/2021
431,a85e7cc5-3436-41fe-a8f3-4a1d637cd589,initial,Quamba,3322,3178,18/12/2020
432,01f2c1cc-ec90-4532-8962-ff043423a9df,contratpro,Zoovu,4771,1729,17/05/2021
433,3c5ddd7d-64d2-492f-adb1-8c6e7efbab85,contratpro,Tazz,2047,4453,17/04/2021
434,9934b955-0d9a-4b03-99f6-1c3b2c6ca732,apprentissage,Browsebug,3461,3039,4/6/2021
435,26dee0c2-6fe1-4662-a81c-b6b336d81e0f,initial,Babbleopia,5236,1264,29/03/2021
436,8ed801d8-01b3-4d5d-b169-bda482612ab0,apprentissage,Mycat,4548,1952,23/07/2021
437,b403a67c-477e-4ac7-a95c-996a2821ba3a,apprentissage,Jabbersphere,4242,2258,19/12/2020
438,e5c839f9-1455-4768-b11a-6fadd2166179,apprentissage,Twitternation,2229,4271,29/10/2020
439,83bba1d9-5616-4d88-a9de-777fa353aa69,initial,Yodo,4986,1514,6/1/2022
440,8cc5b4da-db35-4a8b-900c-38d14e89ee21,apprentissage,Tagfeed,2976,3524,6/4/2022
441,4f26372f-dcd1-4664-b1cb-5121304ef2f8,contratpro,Izio,5749,751,22/03/2021
442,f08463da-a941-4e7d-8d06-8d75e165fd0b,initial,Thoughtmix,2423,4077,1/12/2021
443,a74a0b5c-8269-4e60-8a86-74f095413cab,initial,Agimba,2995,3505,24/02/2022
444,8a0d509a-2666-4525-9811-fe86e5ddef70,contratpro,Podcat,2139,4361,13/01/2021
445,f44f2fa6-232e-461a-9148-c39555241d4f,initial,Twimbo,5494,1006,14/10/2021
446,3a37ac35-8ae5-4d41-8488-1bf85d6c18bf,contratpro,Oyoba,5708,792,11/10/2021
447,26bc1ba1-3df7-49f9-ae5f-e0cf03664776,contratpro,Tazzy,5724,776,11/9/2021
448,cc120c6d-66f7-4846-8769-494ea9d70478,apprentissage,Zoomdog,5027,1473,1/9/2021
449,d0b3f9b8-6726-4ebb-9fcb-e7bf4c2395ee,initial,Pixoboo,3453,3047,29/09/2021
450,57b35616-a069-4f86-b40f-6f8fe5c31015,contratpro,Abata,5130,1370,2/7/2021
451,8a17094b-fca5-4bd5-af8f-3385e0ee6d4a,contratpro,Jabbertype,4356,2144,22/08/2021
452,bb82554a-25c2-4d3c-82d3-7831cb43146d,apprentissage,Janyx,5998,502,19/01/2022
453,eaf7c521-74b7-40ed-9066-d208eb4086ee,apprentissage,Kwimbee,5451,1049,23/06/2021
454,7a25b7af-2790-4b77-affd-c5f1d6bfb012,initial,Jazzy,2876,3624,25/08/2021
455,405f2809-dd7c-451f-aead-d3023155d5dd,initial,Wordware,2796,3704,28/12/2021
456,25cd64e2-d6e9-451d-9891-7c0da8864785,contratpro,Quatz,5258,1242,24/03/2022
457,0dd0ce08-7417-438e-bc77-08f0dd0ac936,initial,Skiba,5761,739,7/6/2021
458,2232840e-d68b-40c6-9072-6bd83d808069,apprentissage,Feedfire,4031,2469,27/10/2021
459,b66fe5fc-bb0b-49f5-9f56-5d5f44b20da0,contratpro,Skaboo,4409,2091,14/05/2021
460,30480f71-d230-45c6-839d-ba66a3cde78a,initial,Innojam,2570,3930,24/03/2021
461,7ec3a447-c972-4587-a19f-36f6c11795ed,initial,Meemm,4791,1709,12/2/2021
462,550cdba6-11ad-4c9e-970b-068248b49bcf,apprentissage,Jabbersphere,5564,936,13/12/2021
463,0c835f28-8176-4c39-a98f-91a819e0dbdb,contratpro,Avavee,4423,2077,13/05/2021
464,4ac6aad6-c6a2-44c4-9055-92e6cf04c3e2,contratpro,Yodoo,3298,3202,16/11/2021
465,320db2ed-bc25-46db-9e69-44b562e7e65d,contratpro,Tagfeed,5404,1096,25/06/2021
466,37583666-eac1-45b5-833d-f428b8152364,initial,Mydeo,3437,3063,11/8/2021
467,4fdc9c79-5c26-4bfd-872c-da7d02c44acf,apprentissage,Realpoint,2705,3795,6/7/2021
468,74258e6b-0852-40d0-a67d-c8189866a3fb,initial,Devcast,4221,2279,28/09/2020
469,7bfc5786-9707-409f-a764-a518588c6bbf,contratpro,JumpXS,5999,501,18/10/2020
470,413e6606-84fa-4ae4-ae7b-416854e4596e,contratpro,Ooba,2775,3725,17/04/2022
471,376fc538-2b19-4096-8ca1-ce43e027c3ef,apprentissage,Edgeblab,3581,2919,21/01/2022
472,75fdc47c-494f-43fb-8845-b9def952a775,apprentissage,Meejo,3290,3210,5/1/2021
473,a40c2d7a-7d84-4482-8937-98baa724c62d,contratpro,Meezzy,4765,1735,5/4/2021
474,4e7c8fb7-9d08-456d-a09b-65496459cc63,initial,Skinix,5195,1305,22/09/2021
475,d07b015a-3023-49b9-a4e5-178dd4a960f2,initial,Zoovu,5841,659,23/09/2021
476,b3b48589-8d38-42b6-a6df-84a3adf35b3a,initial,Tazz,3800,2700,2/2/2022
477,f48a3497-2719-4246-9990-692902fde00b,contratpro,Kamba,5686,814,21/04/2021
478,1b04492c-b154-49fe-b757-6bc17159d60b,apprentissage,Brainlounge,3789,2711,7/4/2021
479,d142421e-dafe-4ed4-93ec-f96aaef69e9f,apprentissage,Tambee,3194,3306,12/1/2022
480,4d0b6157-4927-4f73-884b-7f7cb1e56482,initial,Jaxnation,2502,3998,8/10/2020
481,bd71b092-e714-4d52-83e2-c3502bf70cab,apprentissage,Yodo,4769,1731,12/11/2021
482,8c12865f-71dc-48f9-b4cf-263feff7c1e6,contratpro,Brightbean,2740,3760,10/11/2021
483,d99fb094-bb1a-4d61-a5da-216271d58c1b,apprentissage,Skiptube,5340,1160,3/3/2022
484,85e84e6b-a441-4f94-8b1b-9f4cc7af6a33,apprentissage,Einti,2040,4460,6/9/2021
485,ffcf8c6c-bb6c-4424-8f31-cf77d94491c3,initial,Digitube,4405,2095,21/02/2021
486,5f60b0d9-ef0e-4b04-8c26-2101f1fa87aa,initial,Chatterpoint,4757,1743,11/11/2021
487,98b0e232-9952-485c-9a28-58a0a6da7644,contratpro,Rhyzio,4123,2377,19/10/2020
488,50fb6b72-3a73-4144-9698-8b471039fd3c,contratpro,Browsedrive,4841,1659,30/05/2021
489,40d679de-2536-4f03-b544-b6f098e2f8bb,contratpro,Quinu,4141,2359,13/04/2022
490,10ae632c-211f-4f35-a04c-ee93edee1066,initial,Meetz,4172,2328,7/12/2021
491,77cdda73-9bda-49d8-a3ae-dc0b6f5b4c54,initial,Babbleset,2996,3504,22/04/2022
492,2fd8ddf2-c5ce-4d9a-b8eb-75c6f12f8d25,contratpro,Avaveo,2503,3997,18/08/2021
493,137c5d7c-1ceb-4fe4-9d44-0b0d86d2a4d7,contratpro,Dynazzy,5864,636,14/01/2022
494,7f59a172-b3e4-4ba0-85f7-befd94ebc543,apprentissage,Feedbug,5380,1120,25/06/2021
495,7f7c2773-28b8-4507-b148-48d585dd3538,apprentissage,Mydo,5419,1081,17/06/2021
496,7aa4bfda-d577-42c3-bd8b-79c5347c27c2,contratpro,Skivee,5704,796,2/4/2022
497,d1230277-81ec-49e2-bdb4-fe3b8223aa1f,apprentissage,Zoomlounge,3009,3491,28/12/2020
498,fb1365d1-e915-4c4e-89a8-ce094c98723c,apprentissage,Topicware,4254,2246,28/12/2020
499,0fe35f23-cb8b-4d27-962d-17d27ab10461,apprentissage,Linkbuzz,3829,2671,14/03/2022
500,d91d96ad-2402-42d3-ab08-43ff0442960b,apprentissage,Rhynoodle,4630,1870,14/01/2021
501,c8a4e0c6-ddd2-49e5-a07e-e31d10f6759b,apprentissage,Quamba,2024,4476,1/10/2020
502,34af3ddb-e742-4daa-b658-57c759ff3736,initial,Browsetype,3469,3031,11/6/2021
503,cfed9992-2079-4bb8-953a-33e86c86fe11,apprentissage,Quimm,2469,4031,16/11/2020
504,66179715-4eea-4319-a302-53e766e51386,contratpro,Katz,5925,575,28/01/2021
505,3cfa69cc-77b1-4d06-a39b-e3bb97d388a3,apprentissage,Gabspot,4578,1922,7/1/2022
506,c731ac73-61e7-427f-844c-ad11f45db153,apprentissage,Voonte,5908,592,17/05/2021
507,93e9b475-b2cf-4147-b57f-d5258b687049,initial,Dazzlesphere,3671,2829,19/04/2022
508,2138ddec-7ef5-43ec-a80a-9c32c174f61a,contratpro,Mydeo,5349,1151,3/7/2021
509,be1faa83-1ef4-470e-b812-be4894b7e06b,apprentissage,Meezzy,5636,864,25/03/2021
510,7c9d5f5b-bdd5-41ad-8fa9-1eae4db244eb,initial,Babbleset,3439,3061,21/12/2021
511,0852a98f-1ec0-4784-b883-2114479e69b1,contratpro,Photofeed,5977,523,26/06/2021
512,51d7a613-eb0e-48ea-bc6e-7843bace5100,apprentissage,Zoomzone,5242,1258,23/05/2021
513,579f956b-7de2-4e3d-8979-123346cad79d,initial,Youopia,4804,1696,26/09/2021
514,4d94a5ca-a42e-4381-94bb-d76556f995d7,contratpro,Zoomcast,5485,1015,14/07/2021
515,7e6e171e-8445-4a34-b5c2-5ee9b7c17929,apprentissage,Skinder,4817,1683,17/02/2021
516,9619aa43-7e2c-4e91-933e-6327cd247c0d,initial,Realbridge,4678,1822,17/06/2021
517,537ec60a-70ae-495d-9289-e4067cc591e4,apprentissage,Realfire,5495,1005,5/12/2021
518,d93794d5-a029-49ba-8e78-1d0208482e5e,initial,Roomm,4785,1715,24/06/2021
519,cf33a92c-6c5d-4426-85e3-883642da121a,initial,Dabshots,5318,1182,20/09/2020
520,1e00fe9a-6594-4d19-bfd6-c55ed73b6554,contratpro,Dynava,3273,3227,21/09/2020
521,f57e6e60-078e-44e5-864f-c3b154217b8b,contratpro,Dabvine,4213,2287,15/12/2020
522,4d3d62c4-bf29-40f5-a540-c6cca8418cc7,initial,Realmix,3318,3182,10/12/2020
523,9e7ead0c-0946-481d-bad2-0dd370277f7a,apprentissage,Skipfire,4700,1800,16/01/2021
524,9b096b5c-e194-4469-bfc4-957f6d907460,apprentissage,Eare,3800,2700,3/3/2021
525,844630c0-5a87-454e-b9cc-65b5cadc856b,initial,Wikibox,4646,1854,30/04/2021
526,b4b17c57-d9aa-4af4-b99c-ba2504427a9b,apprentissage,Skivee,5493,1007,16/03/2021
527,c305b65e-d9e5-4aa6-be80-4e35b7e19462,initial,Feedfish,5542,958,24/06/2021
528,54507d87-b66c-447d-a8ca-980aff349a01,apprentissage,Jaxworks,4833,1667,6/11/2021
529,9f41bf7f-9bfa-47e0-a9b6-78faac91c880,contratpro,Wordware,3039,3461,10/3/2022
530,28088e94-784e-4b9f-bc54-e331339368dc,initial,Quaxo,3331,3169,4/10/2021
531,ff44e023-fee6-409a-bcda-15b215a372f5,apprentissage,Livetube,5539,961,30/10/2021
532,d59cb8ee-c907-42ba-a95d-fb6a6180a2a5,initial,Flipstorm,3996,2504,21/03/2022
533,7a40bcec-1c74-483a-9801-3692b3c35c9e,contratpro,Trupe,5892,608,10/3/2022
534,c6461436-2df5-4e3c-a671-ab6083750fd1,contratpro,Flipopia,4135,2365,12/1/2022
535,0712ada4-71bc-465d-b2a4-a8fb612ca2c7,contratpro,Buzzshare,3594,2906,29/09/2021
536,72bfb358-f921-44a9-9047-c2ef9599d382,apprentissage,Ooba,4915,1585,1/11/2021
537,a9c2965b-2b4a-4da3-ae25-67edb0258e15,initial,Photobean,5750,750,3/10/2021
538,5be026be-7098-4d60-9560-fa60a471515a,apprentissage,Jetpulse,4653,1847,31/03/2022
539,dc1226fc-cafd-4ca8-9cfb-70bec770256b,apprentissage,Skippad,5551,949,8/3/2022
540,8fd73d76-4c95-4ef7-addd-e094ee7e7d1c,contratpro,Mymm,3508,2992,15/04/2022
541,07a9e462-8071-4447-835d-11d7b9877e12,apprentissage,Ainyx,4844,1656,28/03/2021
542,21c7f3ff-0849-46c2-99ef-cd154a90e675,contratpro,Ntags,2129,4371,2/1/2021
543,4d6174c3-3235-4361-af17-24ccb12424f3,initial,Meetz,3725,2775,6/1/2021
544,db2222f7-15e5-47dc-be4b-2607d2cb2381,initial,Brightbean,5849,651,13/11/2021
545,23c9e8b7-93bc-42de-b884-1c7dadcbee4f,contratpro,Kanoodle,5170,1330,6/3/2021
546,9b6c8fc9-91d5-4f43-8086-b21349b814cc,apprentissage,Mynte,3210,3290,7/3/2021
547,de6da468-360a-409b-8dfc-9de930a69b00,apprentissage,Dabjam,4354,2146,9/5/2021
548,b5fd11ac-ad3d-4e97-bff9-ea3b970a5b99,contratpro,Devcast,3105,3395,27/09/2021
549,c2abc0f5-4c0d-495e-9120-6c47b9dfa813,initial,Katz,4177,2323,17/10/2021
550,4ebc73c9-2967-4360-9b7d-e5cd6a2c0aec,contratpro,Camimbo,2566,3934,12/7/2021
551,b1ad9278-cbb5-4075-80f1-b7daa8be877f,apprentissage,Thoughtstorm,5560,940,7/3/2022
552,635f0fbf-fa96-4ace-8265-94557b86867c,apprentissage,Trunyx,5303,1197,26/12/2020
553,6f3587b7-b52e-4fd0-92df-77042e391aa3,initial,Voonte,2947,3553,18/09/2020
554,44ad98d4-d82e-4c29-9f3d-4c7250fecbc3,apprentissage,Kwinu,3937,2563,31/03/2022
555,26ce7e01-6621-42c4-9731-963956551a3b,contratpro,Yodel,3536,2964,3/10/2020
556,3bba37d8-b4ff-44d8-8a47-28df5422b55f,contratpro,Mycat,3951,2549,4/11/2020
557,ad588db4-85ad-4875-87f7-cfe0626799a0,initial,Yotz,3096,3404,6/1/2022
558,d0fdd7b0-0114-48ae-8ca2-82e0d22e8267,initial,Buzzster,3727,2773,27/07/2021
559,c9abe505-558a-4723-a868-cea66d32aa69,apprentissage,Jaxnation,4530,1970,6/12/2021
560,8bfec16f-73f7-4da0-9845-60c78aa49959,contratpro,Vitz,3914,2586,2/7/2021
561,4ec64e7e-27b9-4d9b-99ed-1c3dcc6adaac,contratpro,Eayo,2709,3791,23/02/2022
562,cee4cd8f-9525-4b55-a2c8-66f318cf3bff,apprentissage,Aivee,5112,1388,9/4/2021
563,c90c3fa7-1e35-4329-b56a-bdc94cdf18a1,contratpro,Skinte,2039,4461,29/05/2021
564,7fc519ce-b8ac-4d6f-85dc-312a568ea4b9,contratpro,Livetube,3311,3189,11/3/2022
565,88678268-fab1-4099-8c66-2a011d696174,contratpro,Browsecat,2264,4236,27/03/2021
566,2bf17ac7-1952-498d-ba15-c2a2842fa442,contratpro,Myworks,2440,4060,25/05/2021
567,35005cd1-8123-472c-8faa-84498912c5dd,contratpro,Zoonoodle,5869,631,23/02/2022
568,e8904437-feb3-414a-9d0b-857c4046176d,initial,Tagchat,2869,3631,21/01/2022
569,11966434-975b-40ea-9316-637934695c71,apprentissage,Vipe,5584,916,2/11/2021
570,100046eb-d640-456d-95e5-04d52221f90d,apprentissage,Tanoodle,3909,2591,6/9/2021
571,6e627e90-447d-4089-bc9e-5ff1118194f4,initial,Yodo,3316,3184,29/05/2021
572,a51bf395-1b4c-45a8-a6ab-9a7fa3d478cc,apprentissage,Yata,2501,3999,5/2/2022
573,33b59dbc-52e1-426d-b282-bd17c62e19ed,apprentissage,Kimia,2294,4206,3/12/2020
574,7469d85d-97cc-466a-b086-d736248a5a08,initial,Pixoboo,3640,2860,5/10/2021
575,1dc8b6c7-b444-4760-b7ad-d0faefee0388,contratpro,Dazzlesphere,3359,3141,24/02/2021
576,01ae479e-8f47-48af-aa32-0a75bd6e1759,initial,Yotz,2788,3712,28/10/2021
577,3df3eab3-bd0c-44f8-b098-42cb7ead791b,contratpro,Layo,5512,988,13/06/2021
578,17da8336-84f4-41c6-a59b-7e4449ed32a6,apprentissage,Dynabox,5774,726,5/4/2022
579,2818654d-7cbb-407d-9bbc-8233d444dadd,apprentissage,Oyope,3294,3206,11/12/2020
580,b25b0580-b0b7-4603-8e25-48e79f7b29cd,apprentissage,Dabfeed,5820,680,15/05/2021
581,6a25b9a8-2ddb-4f31-81c3-07b50553d722,apprentissage,Jabbersphere,3388,3112,22/11/2021
582,6aaa81cd-cecf-4123-b6ac-391d41a6f4a6,contratpro,Wikibox,3738,2762,1/8/2021
583,4d8d9839-d517-4b12-a518-e9b2a8d5d4dd,apprentissage,Browseblab,3519,2981,15/03/2021
584,58b42b09-c02a-44fa-98c9-15f3a86fd15c,contratpro,Layo,4098,2402,4/12/2021
585,97681209-3f3c-47cc-a8dc-834653ddd82c,apprentissage,Tagfeed,5462,1038,22/10/2020
586,ebdc8292-62dd-449f-bf1e-0f20339099f3,initial,Devpoint,5206,1294,20/02/2021
587,c0be3fe8-7975-4917-976c-c58c39e713d0,apprentissage,Tagtune,3846,2654,26/01/2022
588,5db68246-0644-44f0-bdd7-792da7088aa2,contratpro,Thoughtworks,5470,1030,13/09/2020
589,890f6df4-042c-4c01-afec-0913e4fabc83,contratpro,Midel,5471,1029,26/11/2020
590,782375a4-a45a-4430-a603-36215658e117,initial,Dynabox,3677,2823,3/9/2021
591,0a4070e3-8f63-43b3-8086-900c32d7a994,apprentissage,Dabjam,4557,1943,15/03/2021
592,beeb08e7-cac0-4041-b287-838da45bfe69,initial,Katz,3563,2937,23/01/2022
593,856f8091-934c-4397-809f-f88a6305ef14,contratpro,Fatz,3059,3441,30/10/2021
594,49050bc1-e547-4aa1-9480-6593741a5c60,apprentissage,Voomm,3763,2737,6/5/2021
595,6d1cdedb-0a03-4b7b-9279-5e6bfea77a3f,initial,JumpXS,5709,791,1/12/2021
596,28c7e6d9-91cf-4fb5-b42d-fb8e2fbcc61e,contratpro,Shufflebeat,2929,3571,13/08/2021
597,956e1f07-536c-4e13-9fc7-eca130c87fb9,apprentissage,Yadel,4242,2258,29/09/2021
598,a4574abf-d161-4430-aa7e-c3c749627588,apprentissage,Izio,2452,4048,20/12/2021
599,b55482fb-881a-481e-afb9-14c29730d91a,contratpro,Roombo,5471,1029,27/12/2020
600,2f85785b-ea64-48ce-9e8c-55dac54b1ec9,initial,Omba,5375,1125,6/3/2021
601,81557426-7358-4d79-918b-83fd3ee88c16,apprentissage,Rhynyx,5068,1432,20/12/2021
602,7c4d26be-7e57-4642-a9a1-ed9d5be59dc2,apprentissage,JumpXS,5870,630,11/9/2021
603,150342ff-348e-44ea-94ea-676c1fdd4cec,initial,Meevee,5378,1122,19/03/2021
604,609b139f-8026-4c7e-87a0-1ea60fe32c30,contratpro,Avamba,5995,505,31/03/2022
605,c3e554d0-bcb0-410d-874d-73cb9f2d0c53,apprentissage,Yodel,4359,2141,2/8/2021
606,4e317ba9-1bcc-4443-88bd-a2a5ad97acba,contratpro,Dabshots,2679,3821,26/09/2021
607,d02235da-3a13-40f5-b28d-8c1664075e32,contratpro,Tagopia,5460,1040,29/10/2021
608,30380bc9-a05d-4c30-9049-fedb7026a182,initial,Oloo,4293,2207,1/2/2021
609,891c6faf-7d78-4042-9daf-16f5dcadeab3,contratpro,Twimm,4203,2297,3/12/2021
610,7abe29dd-a439-469c-bfa7-41e36cc4c666,contratpro,Fiveclub,3961,2539,5/11/2020
611,ebf25acf-9367-47fa-b5e6-8769cf43a27f,apprentissage,Tambee,2776,3724,5/9/2020
612,24f22096-a980-4cb2-97fb-5026fe69552b,contratpro,Jaxspan,5513,987,11/11/2021
613,0e0b01e2-08dd-4715-952c-c3fa16776909,contratpro,Skinte,4864,1636,26/03/2022
614,c062da33-257a-4d1e-9e4a-50ac393ee22d,contratpro,Wikivu,2140,4360,17/05/2021
615,b3d844b1-a448-4cec-801b-960a918aea8a,initial,Wikizz,3831,2669,15/11/2020
616,71a9ab94-19dc-45fd-83b8-d9e96cf84683,initial,Lazz,3674,2826,30/12/2020
617,f3a7f173-4fd0-434c-9662-a7579d173697,initial,Jabberstorm,3690,2810,30/12/2021
618,caf5edbb-0a66-48dc-9884-8eb97fd3baad,apprentissage,Wikizz,2271,4229,3/4/2021
619,99c03a89-c1a4-4f71-b210-33b5eba5534b,apprentissage,Photospace,3735,2765,26/03/2022
620,28df77c1-0660-4a5c-b4cc-148ec1df6d9c,initial,Layo,2089,4411,6/3/2022
621,8232a849-0e01-4255-8033-eae0e64cfd07,contratpro,InnoZ,3535,2965,29/06/2021
622,f6c2676c-c41d-40c4-8c61-0fd99818d401,contratpro,Dynazzy,2413,4087,12/7/2021
623,15336a85-5d30-43ba-b3c0-eb0108773575,initial,Topiczoom,4950,1550,28/01/2022
624,a2ae010a-afe0-4c23-ac5b-bac2133bbe54,contratpro,Kimia,3316,3184,5/1/2021
625,3c433dbb-59d9-4df3-9904-0487bce6581b,initial,Mynte,3781,2719,25/03/2021
626,096da042-378f-4c67-808d-c1586da02493,contratpro,Minyx,4277,2223,17/03/2021
627,ae00adaa-ecfb-41d2-a13e-eba8922c8d93,apprentissage,Twitterworks,2827,3673,8/2/2022
628,f77162d9-4028-4057-9103-f3715b8ab9bc,contratpro,Livefish,4181,2319,24/05/2021
629,99543bc2-928a-4cac-a9b7-954392436aa2,contratpro,Flipstorm,5862,638,3/10/2020
630,b49f0db5-c32c-451c-97ef-fd6d3cbd9743,contratpro,Cogilith,4277,2223,25/11/2020
631,bdad38cc-7512-4fc8-bd2d-633486e94d0f,contratpro,Zoonoodle,3789,2711,19/07/2021
632,4d896241-0439-47d9-83f3-7c34f8c2fb5b,apprentissage,Tambee,3370,3130,6/2/2022
633,2b270041-7d2f-42c6-9fdb-1bab6b3914ea,apprentissage,Voolith,2074,4426,2/11/2021
634,5ae6527a-3b10-4519-84b6-b6c69d082746,contratpro,Kare,3126,3374,25/09/2020
635,68d7edfc-6651-441d-bb62-e6d959ca7b93,contratpro,Wikivu,4851,1649,8/5/2021
636,e4615c9a-ba63-45d2-acf8-522418746bd9,initial,Realfire,3539,2961,25/12/2021
637,a6019f81-ad2b-493d-bee3-c4defda92573,contratpro,Dynabox,3165,3335,8/2/2021
638,b943d063-f548-42c8-8816-03ee7a0029df,initial,Feedfish,5213,1287,26/01/2022
639,9e641279-3099-4d29-b1f3-3bb021e847a8,apprentissage,Aibox,3169,3331,20/12/2020
640,8d3fa8ed-5645-43c7-98b6-92c1a7ea04c4,contratpro,Skalith,5137,1363,5/11/2021
641,83c2bf69-2c64-44df-992f-26ded48152e7,initial,Gevee,4002,2498,2/11/2020
642,ff0d56c2-be1e-460a-ac19-fddec99c366a,initial,Yombu,2860,3640,24/04/2022
643,fe282d83-2d04-41c3-ad7b-25e585ee57a6,initial,Oyoyo,5619,881,12/6/2021
644,630023e5-a9bd-4682-97cd-93e0a74b4f84,initial,Innojam,5992,508,25/02/2021
645,cae201b8-f452-4203-80b3-bbe785b0ced7,initial,Oozz,2389,4111,22/06/2021
646,78f5d9fc-ba01-4290-9451-ab3d7df496ad,initial,Yodoo,5061,1439,7/10/2021
647,6afdf265-2e39-4ee7-a0b1-83a91d6b2a4c,contratpro,Skynoodle,5510,990,3/5/2021
648,ec34b0aa-50df-4ac0-8075-bfe9ad4f07a8,contratpro,Bubbletube,3274,3226,5/1/2021
649,e703c89c-2fbe-4cce-bb88-ba3b16bf6581,initial,Shuffletag,5981,519,7/5/2021
650,351c017f-a86d-4b3e-979a-52547d83ead7,initial,Browsezoom,4631,1869,11/8/2021
651,13233451-260a-4f13-87ff-23467ff6d5af,apprentissage,Katz,4386,2114,25/07/2021
652,490bdd5d-c5bd-4285-8add-d840d0fe7725,apprentissage,DabZ,3442,3058,17/05/2021
653,a1db0239-42c8-4127-8185-d9a24b054fbd,contratpro,Camimbo,5810,690,10/1/2021
654,020a742d-e3c7-4014-96c1-033cd766b91d,contratpro,Browsezoom,3826,2674,4/11/2020
655,aa1d228e-c522-4909-83e0-08197c56070b,apprentissage,Realblab,2296,4204,20/09/2021
656,171ea552-a278-4f49-ae24-a476834a7cc7,apprentissage,Yamia,3127,3373,17/09/2020
657,2f6dec4f-eedd-4318-9ca8-cfedca296f30,contratpro,Meejo,4509,1991,22/02/2022
658,68512839-44ae-4e13-b6c1-38c72e2c9920,apprentissage,Twitterbeat,5872,628,30/09/2021
659,f3d6c2e3-2e34-4d40-8375-f520b7ae525a,contratpro,Blognation,2049,4451,8/6/2021
660,8024a7b3-38ae-4798-843a-1eb2a95e3555,contratpro,Oyonder,5753,747,5/5/2021
661,65efd9d0-9883-4961-8d86-71e799d1fddc,initial,Realbridge,2806,3694,12/4/2022
662,71aaf96d-008e-4a30-bd23-c57feb085866,contratpro,Topiczoom,3751,2749,21/01/2021
663,c6d0294b-7a0b-4468-a7b3-c11bad1bdc14,initial,Demimbu,2336,4164,11/2/2022
664,ded1157e-d679-4855-9f1c-c1ec42629ee7,apprentissage,Feedfish,5492,1008,21/09/2021
665,3b85bf49-a2de-4dfd-8415-b70cd156c719,apprentissage,Avaveo,2866,3634,13/02/2022
666,7d4e7320-d0d8-4b0f-b9e7-c4668e4e9623,initial,Skajo,2373,4127,9/6/2021
667,b33f51c1-4580-4327-8f58-23ae902db36f,contratpro,Vidoo,4298,2202,17/02/2021
668,7ae22b05-1d60-4ea4-a395-a37a3bd56a35,contratpro,Muxo,3561,2939,5/4/2021
669,d5bb9ee2-850e-4ab2-8068-e24e2e55d887,contratpro,Pixope,2836,3664,3/3/2021
670,c6b9f8e2-cfed-4dca-955f-e3c124318c02,apprentissage,Cogilith,4070,2430,7/10/2021
671,24191800-0c81-456e-b6cb-83090afe4b94,initial,Flashdog,2680,3820,22/09/2021
672,0b00b70d-5598-4c3d-a472-463f4f09eca5,contratpro,Gigashots,5048,1452,17/10/2021
673,1d55ae61-9f35-4c44-ab65-144c9a6f0dc4,contratpro,Topicstorm,4323,2177,18/07/2021
674,2a272b30-6657-4ebc-9449-fb7b075c6329,apprentissage,Fatz,5246,1254,28/09/2020
675,27efee6d-473f-410b-8a7f-6419ddad207f,initial,Brightbean,5272,1228,1/6/2021
676,9329b9a2-dbde-4581-b50c-f680fbae0216,contratpro,Voomm,5049,1451,11/12/2021
677,53bd4d06-7cab-4362-83c5-27a1f7ea6d60,apprentissage,Dazzlesphere,2178,4322,18/10/2021
678,24002d54-0f89-4e50-8a85-a6bc2735ac58,apprentissage,Edgeclub,3521,2979,19/01/2022
679,be6afbe6-4833-4b95-a261-01d5d8b12051,apprentissage,Agivu,4902,1598,6/6/2021
680,9909a272-c600-479f-8388-cb26c3677057,contratpro,Fatz,3817,2683,7/4/2021
681,9c33c8f8-625b-446c-9278-5f3f594121d3,apprentissage,Flipbug,5260,1240,29/01/2021
682,6146b895-6ae9-483a-93ff-bc36881e024e,contratpro,Twitterworks,2464,4036,23/11/2020
683,1aa46ec3-9baa-4918-837a-1a2f593cf89f,initial,Yombu,5179,1321,6/12/2020
684,f2fd8a80-6b57-4951-8dc4-cce12ffb69d0,apprentissage,Vipe,2307,4193,5/7/2021
685,acec50f9-00a1-429e-a9ee-dcb56dbe5196,contratpro,Muxo,4975,1525,5/1/2021
686,f1784b7f-06c5-4a01-88f3-6625109f3c9c,apprentissage,Photobug,5258,1242,8/10/2021
687,a3cea985-2133-455d-8642-93e695a282aa,initial,Leexo,5885,615,14/10/2021
688,7862900d-d9b4-4afe-8a22-696f3018439e,contratpro,Yodel,2425,4075,17/09/2020
689,4605faa5-1f3c-4341-bcd9-e003e99d19df,apprentissage,Dynabox,3397,3103,22/09/2021
690,b74ac466-78aa-4869-a67d-3de5a007d28f,initial,Innotype,2093,4407,29/09/2021
691,d7bc7709-a8f1-4bb7-90b6-767d0c1e9fa4,apprentissage,Brainsphere,5888,612,7/10/2021
692,5fa6eadc-f0c1-4495-99ba-4b0b1a1ef969,initial,Bubblebox,4993,1507,2/9/2021
693,045f0314-862b-488b-81c5-5ccb0a5f3c10,initial,Shufflester,4888,1612,12/3/2022
694,5bf0d018-f6ad-418c-9569-bde00016e772,initial,Devpoint,5845,655,6/6/2021
695,f80909fb-920a-41b5-b748-ea9ab5c2b242,initial,Skilith,3230,3270,22/01/2021
696,4c58dc28-1588-4427-9c91-1a71ecc32385,contratpro,Twitternation,2079,4421,15/10/2020
697,9cd6c4f2-a4dc-4244-bd5a-d3da8493a863,contratpro,Agimba,2205,4295,4/10/2021
698,bc2b0679-50d6-41ad-a37e-ede60346439c,apprentissage,Meevee,2753,3747,21/03/2021
699,25ce1e04-4ba9-477c-bf6c-bf48727a4dff,contratpro,Layo,5759,741,27/10/2021
700,7c5d86ae-9602-4902-a7a5-411d7e99ee86,contratpro,Youopia,4746,1754,31/12/2020
701,05037d1c-ac40-485a-95c2-9b060dd70c30,initial,Devcast,2261,4239,13/12/2021
702,660eca00-bc6f-4349-afb2-6226756bd012,initial,Eabox,3453,3047,27/02/2022
703,02af47d9-de73-41ca-aae5-21f0760a774a,initial,Edgeclub,4715,1785,27/10/2021
704,37457261-3fcb-4a3c-888b-41a71732adf1,contratpro,Camimbo,3514,2986,21/09/2020
705,530cd6c3-9bf9-4219-8560-bffdb16b9d60,initial,Zoomcast,4105,2395,6/1/2022
706,0e6b9e35-f840-4da3-afd4-24d4bbb6827b,initial,Einti,2061,4439,19/07/2021
707,b3308d09-854b-4b6b-9856-aeadd256e68c,apprentissage,Voonyx,3139,3361,22/03/2021
708,6311a40b-e6c5-4a7b-80eb-6258700770ef,apprentissage,Chatterpoint,4375,2125,19/03/2021
709,799ca976-a269-4a20-b777-d28c30631d3d,initial,Innotype,5524,976,16/09/2020
710,4f30d530-c397-4251-8fef-23e726776823,apprentissage,Plambee,2143,4357,29/12/2021
711,802693fb-3a6f-4aa0-9892-c25a06fe0ef1,contratpro,Abata,5247,1253,20/02/2022
712,518351f4-92c5-4273-984e-21bf0dec8fef,contratpro,Yozio,3864,2636,31/10/2020
713,58bfb353-16c9-4c29-98d9-9104067ebf66,contratpro,Pixoboo,4899,1601,6/5/2021
714,5d28e789-fa47-425d-9326-67961e0815e8,initial,Skyvu,3342,3158,15/10/2021
715,1423acf9-2a23-4d75-98f0-300fb082ee07,contratpro,Chatterbridge,5763,737,31/08/2021
716,9b9ff610-46ed-48a8-97a6-47f694100f8b,apprentissage,Tagcat,3117,3383,22/01/2021
717,dcec803f-5a1b-4143-ab53-d63715ed8b4f,initial,Meembee,4530,1970,20/01/2022
718,3e549a1d-0e2e-4fd1-be04-44d1d8238b10,initial,Wikizz,4383,2117,25/11/2021
719,ad293da3-10f8-418f-ae82-1f151adb8e22,initial,Abatz,5292,1208,23/02/2022
720,34598161-d211-493a-a9fb-84ccbbabf865,contratpro,Tagpad,3955,2545,30/12/2020
721,f2fc9003-1d1c-43b0-9b5d-bb1cc4f884ed,contratpro,Gevee,4513,1987,10/2/2021
722,79679fee-9644-4e82-9f7a-22807f66f1de,contratpro,Fivebridge,2031,4469,13/06/2021
723,7b11b69d-017c-448a-a7a1-b1c6b258617c,apprentissage,Devbug,2593,3907,10/1/2022
724,0356d80e-0723-4f99-912d-2386e07f88be,contratpro,Zoomzone,5060,1440,2/4/2022
725,72e1e6ba-9286-4c35-8b44-514a1f92ca60,apprentissage,Realfire,2445,4055,18/07/2021
726,c7a398cc-d167-4738-a1e1-bf6c84ec5485,initial,Oloo,3781,2719,11/2/2022
727,4bfdd8da-97f4-449c-8d5e-85cd80330680,apprentissage,Yakijo,2782,3718,4/10/2020
728,52f081d5-7ded-426e-a226-fb7a965c660a,apprentissage,Meetz,5485,1015,3/12/2020
729,3ceb2184-53c7-412b-9e25-c9794dd95e94,apprentissage,Oodoo,4401,2099,4/12/2021
730,e0ea7ddc-f3b7-47b6-9612-1f7670aad42d,contratpro,Jatri,4351,2149,17/09/2021
731,f9ff8d5d-49bf-4215-b3ac-d50fbddb6f40,initial,Mymm,2315,4185,19/02/2021
732,5f339e7e-9785-43e6-add3-3db1e7b60803,contratpro,Kanoodle,3215,3285,20/12/2021
733,02477016-9d26-438e-a5ed-9c94fa92a283,apprentissage,Jazzy,5598,902,5/12/2021
734,d71f934e-9d7b-43b8-b9c0-400e80740c46,contratpro,Rhynoodle,2494,4006,17/04/2021
735,a53ce1e1-3b40-48d6-9912-83ed1f6bb6d9,contratpro,Dabtype,3341,3159,7/6/2021
736,e709f205-e1c9-4f85-a2ac-1cc75ba56905,initial,Browseblab,2558,3942,8/2/2022
737,10657ef0-44f2-4f5c-91b3-4c802267386a,apprentissage,Zoovu,3734,2766,7/4/2021
738,e61d9c51-1790-4638-954b-364251b972bd,initial,Devpoint,4778,1722,12/2/2021
739,dfb25d6a-58aa-4039-bceb-572be2eeee99,initial,Camimbo,4806,1694,19/10/2020
740,3c78ccb2-bac3-4697-8f1d-0bc8a606d6c0,apprentissage,Dablist,4807,1693,24/04/2022
741,5aa5f6de-4db1-4d65-b73c-3fd33bfcf8c1,apprentissage,Meejo,3506,2994,26/06/2021
742,bdb0bda4-1e6a-4865-8992-b290d482a4c0,contratpro,Snaptags,4811,1689,3/11/2020
743,64481015-baee-496d-b0c2-6a99e09807e7,initial,Centizu,4331,2169,27/12/2021
744,3e917cfa-804b-4e6c-bcf5-ad4e4ede0057,apprentissage,Skilith,5080,1420,19/12/2020
745,868a8f5d-fe53-4463-a942-0d809e12382f,initial,Aivee,3056,3444,7/11/2021
746,708887ba-703f-4b8d-8ec8-5ed23f41c081,apprentissage,Photolist,2290,4210,18/06/2021
747,b506b82e-a42a-4a29-b4ea-f5e5fa48991c,initial,Dynabox,3241,3259,23/02/2021
748,64013925-1060-40b8-ae2b-baa0854b116d,contratpro,Snaptags,4290,2210,1/2/2021
749,a13a45d3-589b-475a-9dd3-a35c2f32cf11,contratpro,Plajo,2655,3845,27/02/2021
750,1dd0c16a-bce9-4f49-9b4b-1b012829e538,contratpro,Divape,3201,3299,20/12/2021
751,1c8185aa-1b4b-4b02-a59e-bfc604ff5ce1,contratpro,Ailane,3297,3203,12/4/2021
752,e9883a04-224a-4e2b-80c3-2325a57dba3f,contratpro,Realbridge,2980,3520,28/04/2021
753,84e340d0-a7c3-4fe1-8640-7eac7b69d2a0,apprentissage,Thoughtsphere,5600,900,10/2/2022
754,689b21b5-91b2-4e37-84c3-4856d2a2598f,initial,Bubbletube,4310,2190,7/9/2021
755,a47e053c-7733-484a-b7b6-4c5c17dae12f,apprentissage,Oyoba,5539,961,13/09/2020
756,7d15054c-be79-4218-9260-d860008e9bbc,initial,Snaptags,5916,584,25/10/2021
757,862738d2-3686-4a9c-921e-7565e0b50e2b,apprentissage,Riffpedia,5114,1386,5/9/2020
758,4c088217-8333-4236-b788-a48ad249606f,contratpro,Thoughtsphere,2732,3768,25/01/2021
759,5f813c39-877d-4bdc-92c7-0845da81f388,initial,Devcast,3025,3475,22/09/2020
760,f4045c10-004a-442a-9289-1d361bf02b2f,contratpro,Voonte,2809,3691,12/8/2021
761,e9c427ff-a31a-4011-99eb-8ced59c95df0,contratpro,Eidel,4080,2420,23/03/2021
762,532103e5-80e4-4908-b36a-c5b65af8379e,apprentissage,Nlounge,3319,3181,22/12/2020
763,71f34a35-f218-43cc-9c06-9aece575fe28,initial,Meezzy,4239,2261,12/2/2021
764,effbe5e5-5edb-44e6-95b0-f4c7029870c2,contratpro,Dazzlesphere,5618,882,24/04/2022
765,650ad6a2-ba51-402f-bfca-cd10822af463,initial,Geba,5584,916,29/12/2020
766,54344535-eea8-4b83-a3b3-53889a14e338,contratpro,Dynabox,4891,1609,14/04/2022
767,27c4001f-e883-42e4-9a4c-656c7668c41d,contratpro,Brainbox,4803,1697,31/10/2021
768,3d01ea78-d738-4976-9cdc-89006792d1a8,apprentissage,Wordware,2870,3630,3/11/2020
769,ad088e5c-0fbd-4209-85c9-276c02cb74d4,contratpro,Dazzlesphere,3743,2757,13/09/2021
770,96ad38e7-b9f9-4d6d-89a4-42fedae1f2fb,apprentissage,Ntag,2440,4060,8/1/2021
771,c61121d0-b9d5-4e08-a67e-1c933dddfcb1,initial,Kwinu,2000,4500,5/1/2022
772,1225af73-1fc1-4a36-a7b8-90e7b91d53fa,initial,Ntags,5386,1114,27/09/2021
773,043c4bb4-1191-4b2b-b9cb-8f6727e0fcd8,contratpro,Skipstorm,4244,2256,3/9/2020
774,dce274c7-795c-4f03-8e4a-e277a497e795,apprentissage,Trilith,5571,929,16/11/2020
775,2db36eb0-1a67-4c36-a4e5-e30f5a3cf3be,initial,Jamia,4722,1778,27/10/2020
776,05f7126f-02f0-43a3-8cef-a7680d3e7a6b,initial,Meembee,3234,3266,7/11/2020
777,8c2dd6b3-e682-4a98-8a19-708f0894d7c0,contratpro,Meeveo,3071,3429,16/10/2020
778,5c240b02-a504-4327-b17f-07b17c679ea8,apprentissage,Vidoo,2243,4257,20/11/2020
779,6174295a-79e3-4176-877f-bdce5c96604a,contratpro,Topdrive,3235,3265,4/12/2021
780,fb0a472a-9910-4ae0-bf67-e703664a08b2,contratpro,Kazu,4438,2062,16/04/2022
781,d955be49-2684-4e3d-bf21-06878797fc30,initial,Kanoodle,5953,547,23/04/2021
782,ce3bf46f-869f-40b2-a76f-4542300c3c93,apprentissage,Quatz,4420,2080,30/01/2022
783,a690d66e-edce-4cef-a3a0-4c3f9888d76c,initial,Linktype,2699,3801,6/1/2021
784,287647da-8bc5-4522-a053-8d1e8ece6860,initial,Thoughtblab,4921,1579,18/03/2021
785,4cc42680-06a8-425f-86d2-565fa8c0bb99,apprentissage,Meembee,5284,1216,11/4/2021
786,9c22b6aa-b810-4c02-9104-e2dae0fa651b,contratpro,Rhynoodle,3368,3132,10/9/2020
787,16e5990e-679b-47d2-9864-8561f452bf05,initial,Blogtags,3904,2596,10/10/2020
788,a02816e9-e601-42d8-80ab-ad06f428c4b7,contratpro,Gabvine,3996,2504,20/12/2021
789,c9bdfb4e-c542-464b-9992-bbb648d0dc24,contratpro,Kwinu,3228,3272,15/04/2021
790,bff5a158-6047-4ac3-ad28-ca5ef1016645,apprentissage,Flipopia,3047,3453,15/02/2021
791,eeb8ecdf-0372-4eef-9192-9d378361e7f5,apprentissage,Yombu,3698,2802,5/2/2021
792,3a0f194b-7c55-4011-a4ec-d1457b8ca9a8,apprentissage,Ozu,2468,4032,5/5/2021
793,f0daedfb-0cf4-43f6-a5f4-5d1e5a66de2f,contratpro,Meedoo,5557,943,10/3/2022
794,338d4f7d-c2e2-4294-b18d-2c1f64da88e2,initial,Minyx,3221,3279,25/07/2021
795,0d8d895d-b0f5-4a6c-81e4-dc7cc57b6419,contratpro,Demivee,3672,2828,29/12/2020
796,1e484cbb-7f11-441b-94e8-5caeb053da4b,contratpro,Leenti,3680,2820,8/3/2021
797,bbc40642-38d2-4f7a-99de-6b6eadfc70a4,initial,Tagpad,3467,3033,13/10/2021
798,d92a96a2-e6f2-418c-8813-87711adb61de,apprentissage,Youspan,5213,1287,24/01/2021
799,1c65ab5b-4efd-4838-9a3e-000b5ce8a614,initial,Rooxo,6000,500,3/10/2020
800,335d1262-bd8a-4f92-9091-0442cf4aac80,initial,Meemm,3997,2503,8/11/2020
801,dfe8cafd-35a8-4778-9b14-90ca35c72b81,contratpro,Wordpedia,2985,3515,13/02/2022
802,8755dffc-8c87-45e1-ab63-d012d6643457,apprentissage,Topicware,3567,2933,9/1/2022
803,32b9fa84-37c8-405f-a07c-cc74fb1f146c,initial,Chatterpoint,5893,607,11/6/2021
804,6494c517-5dfa-44a2-a2d7-72d8233a6658,contratpro,Janyx,4613,1887,5/12/2020
805,c00958bb-d066-4fbb-af57-112217d8fe4c,contratpro,Katz,3631,2869,16/09/2021
806,74e074af-c04e-4423-8866-7c6c8a62ddf3,apprentissage,Podcat,3002,3498,8/4/2021
807,f34afaf8-ce7d-4404-bcc5-d6decb27a972,apprentissage,Kaymbo,5589,911,17/01/2022
808,37485747-0f0a-4931-a864-3b53cdcfc532,initial,Fivespan,4999,1501,11/3/2022
809,2929f644-ae30-4a2f-b8eb-540fc58cb055,initial,Youopia,4938,1562,20/12/2021
810,af9df33d-2234-4f84-bbaa-d56a98549f66,contratpro,Rhycero,3160,3340,26/12/2021
811,fd3e1271-5fdb-4473-9c74-6a439a513a64,contratpro,Yabox,3432,3068,10/1/2021
812,2ecd52e2-e85c-4691-ac48-5f7a5bc0f3b9,initial,Yodel,3700,2800,22/02/2022
813,b3d17010-8c30-4c42-8b78-3ba6b2ee2d26,apprentissage,Voolith,5084,1416,6/11/2021
814,58da7104-303d-4015-b807-531477277df6,contratpro,Roodel,3863,2637,21/01/2022
815,fcc00eb2-169f-47b0-80fc-e9f8f3cb8a85,initial,Oyonder,2525,3975,18/08/2021
816,34306561-77bc-4448-9952-7cf9ce822d40,initial,Rhycero,3435,3065,10/11/2021
817,191820d0-8a08-452d-b2a6-3c98fcba943b,contratpro,Aibox,2188,4312,30/12/2020
818,4f1a1442-1aae-4162-a317-e5e99e777508,apprentissage,Livefish,5279,1221,21/12/2020
819,13709afc-3940-42a7-9165-16e62e57273c,initial,Feednation,5831,669,4/3/2021
820,68256220-1c56-494c-8267-f5c6fb1f4dfc,apprentissage,Tagfeed,3225,3275,7/4/2021
821,11a9c2e0-044c-44d7-9dc5-d47f6051cb7c,initial,Devshare,4876,1624,22/11/2020
822,17b6ef47-0286-475d-a465-d37d3741df4f,initial,Buzzbean,2714,3786,26/09/2021
823,cd5413ad-fa66-4615-ad29-c24d5830414b,contratpro,Rhyloo,2915,3585,8/12/2021
824,5b84a245-492d-4e34-9517-2ad933a110c1,contratpro,DabZ,3699,2801,16/02/2022
825,ba914a5f-681d-4be8-b2b4-837f410861f4,apprentissage,Jabbercube,5499,1001,10/9/2021
826,1f352326-82e3-407d-838c-755ff3edb1fe,apprentissage,Voonix,2131,4369,13/07/2021
827,cde35745-c6ba-4cce-b572-f857a50bfb21,apprentissage,Zoomdog,4424,2076,3/8/2021
828,14143d42-94a0-4d2f-91c9-3ab1a6f02227,initial,Tagfeed,2036,4464,29/10/2020
829,345c271d-52c4-434a-b161-c6fba50f53d7,initial,Buzzster,4273,2227,24/01/2021
830,882ca76d-9935-4f7f-afcf-946164558d1c,initial,Yodel,2343,4157,14/12/2021
831,2b7a7a6d-7876-48a3-a997-5d10089387c7,contratpro,Plambee,4031,2469,15/01/2021
832,a7922955-6060-429d-964f-b3812fd341e7,initial,Yodo,4974,1526,2/6/2021
833,150d3744-4b13-416f-9b68-9654ca5f153a,initial,Thoughtbridge,5535,965,3/11/2021
834,e66e9c51-6db9-4d27-8cdd-6d870d8d2188,contratpro,Thoughtstorm,3865,2635,7/1/2021
835,ee499baa-9e53-4206-82dd-be55fc2e844c,contratpro,Quaxo,4848,1652,12/10/2021
836,8de31242-1576-4bec-8fea-6af3f49db8f6,initial,Trunyx,4173,2327,19/09/2021
837,15b1d76f-f9f5-4aa0-b2a2-498f5faa5c75,apprentissage,Yoveo,3254,3246,16/12/2021
838,657dfa9f-6b04-4fd9-b515-94464421ade7,initial,Zooxo,5984,516,9/4/2021
839,bc034e85-0a88-437c-abfb-e0a75d618c77,apprentissage,Nlounge,4838,1662,6/6/2021
840,223bebfc-9716-4fe7-b70d-4b7b0d0e751c,apprentissage,Photobug,4846,1654,29/03/2022
841,08564ecf-fe67-4318-8f14-b084a0385fb9,apprentissage,Youfeed,4215,2285,29/09/2020
842,60cd9685-94ee-49c4-8b30-fc4b0f56650e,contratpro,Feedspan,5563,937,14/11/2021
843,87046748-8aad-49a5-a6c5-2b3d957382f5,apprentissage,Npath,4128,2372,26/03/2022
844,4b0938f3-31a0-41f6-835e-9654d0d71e04,contratpro,Centizu,4644,1856,31/05/2021
845,15e4d7fc-0d2b-4fbb-9624-7ef990f1db49,apprentissage,Mybuzz,3383,3117,25/06/2021
846,c516b6b3-1fe9-4b7a-acc5-10b6fa8c6e0b,initial,Wikivu,5704,796,12/9/2020
847,05b6c057-8de5-402e-8937-2e766bc1dd76,initial,Jabbercube,5833,667,16/03/2022
848,3120b405-543d-4ca1-8075-111cc83a1433,initial,Bluejam,4751,1749,12/12/2021
849,a4b01ab4-c7bd-4030-9fd2-0c25421f4492,initial,Trudoo,5143,1357,8/11/2020
850,c1ade8fe-3f93-453d-9ca9-c6868d2b65ca,contratpro,Devify,2058,4442,1/10/2021
851,7f04a91b-224d-484c-8c45-5d317333c01c,initial,Jabberbean,4198,2302,26/10/2021
852,d7299503-5286-4c2f-97a5-c16bf3dd9238,contratpro,Gabvine,4599,1901,19/03/2022
853,1e12f061-5602-4bf8-99c0-f7aa523ae4bd,apprentissage,Eamia,2447,4053,20/12/2020
854,6938006f-26ee-41e0-b87a-1e45b03196cf,initial,Eazzy,5960,540,27/11/2021
855,8b77cbc4-d401-498d-843f-f30e1c63a940,apprentissage,Layo,5417,1083,24/08/2021
856,ddc8c3ff-3e76-45c7-a124-312eecc2afd9,contratpro,Tambee,3082,3418,31/08/2021
857,7e7aa7a8-573a-4f58-b8e3-cbf0de6ed142,initial,Devpulse,3554,2946,29/11/2021
858,802cdb03-0249-4593-b43a-4e7c8b8df591,apprentissage,Mymm,2452,4048,23/12/2020
859,10bb5135-012a-4c55-afd5-3876153500af,initial,Realpoint,2530,3970,25/10/2020
860,6f8d4f04-d404-4a8e-aff7-27ed80fec032,initial,Zooxo,4351,2149,19/05/2021
861,1830866a-d5cb-4d55-baf4-340a7e3565f7,contratpro,Twimbo,3182,3318,22/05/2021
862,4e91c568-c76d-4b8f-91d9-d64969897ae8,contratpro,Avamba,4719,1781,21/09/2021
863,dc46f261-c854-4f8b-8fd8-46dccd55f20c,initial,Linkbuzz,5188,1312,9/1/2021
864,91f9c1cf-3875-4699-a275-a11942e801b5,initial,Devify,2583,3917,6/11/2020
865,d825e0cb-751f-4918-8be1-52d9f048312d,apprentissage,Meevee,4426,2074,2/10/2020
866,7419fbd7-7153-4e1e-ac86-864097f2a24f,apprentissage,Eire,5511,989,1/1/2021
867,ef4e7ec5-b282-4b6b-90a7-04a02ef1360d,apprentissage,Cogibox,2067,4433,15/12/2020
868,4eb9e01f-43d4-4551-9083-e850860ab2fa,contratpro,Mymm,4154,2346,22/11/2021
869,960e8cd8-d002-49ef-9023-700673ec171f,contratpro,Skipstorm,4943,1557,23/06/2021
870,0c73f91b-0fb7-4a61-b520-198777a04f78,contratpro,Viva,5746,754,15/02/2021
871,f827e430-d021-417f-9063-a4c385f2ab0b,initial,Ntag,5856,644,20/09/2021
872,941247f0-788a-41e3-8a19-d853878578ee,apprentissage,Trilia,5088,1412,1/9/2020
873,65ae1a8f-aaf2-476b-b6f6-489873897c54,initial,Zoomlounge,5680,820,13/11/2021
874,48b43ed8-5088-4366-8580-6dbbefa5740d,initial,Feedspan,3366,3134,28/06/2021
875,d08bff1a-b2f9-47f6-8fe8-56f79e3ecba5,apprentissage,Browsezoom,4774,1726,18/05/2021
876,a50f8efe-7a37-4d68-82ba-8b688bb6244a,initial,Skynoodle,2331,4169,6/5/2021
877,0efa3246-f7fd-4168-863e-b96aa3e89de6,contratpro,Centidel,3054,3446,16/02/2021
878,1d85788d-afe1-4f3c-bd33-0745f4e52a5c,apprentissage,Yodel,3718,2782,1/11/2021
879,b6628af7-aa0d-4f3d-ab7f-c3de462184e2,apprentissage,Blogpad,5332,1168,4/11/2020
880,b4908540-6104-47b3-9c6b-a56ed622ee37,apprentissage,Realcube,3859,2641,6/10/2021
881,3fe9f8b6-1d9c-4d85-bd6f-ada8474accd2,apprentissage,Brainsphere,3698,2802,21/12/2021
882,19a962aa-9774-4d09-ae79-f0ca76dc672b,contratpro,Oyoba,4501,1999,11/1/2021
883,c52b6a28-bcaa-4235-915e-41364e280608,initial,Tagpad,3665,2835,17/01/2021
884,9d1f04f2-016f-42ee-81e4-e975f40958c3,initial,Zoonoodle,2211,4289,27/06/2021
885,7897ce9b-528f-4022-a2fb-24b506068c89,contratpro,Youspan,5677,823,10/8/2021
886,e1cf77cc-ead5-4fbd-b898-bdad6096683f,contratpro,Lazzy,5072,1428,12/9/2021
887,7227970e-9318-4dea-b1a0-d21ddd1676f2,contratpro,Twitterbeat,4154,2346,21/09/2021
888,ab64b219-4969-47e3-a335-6ed599de2a8a,apprentissage,Topicware,3586,2914,16/04/2022
889,0979ca9e-31e6-430a-b007-971663be3c99,contratpro,Skyble,2251,4249,2/12/2021
890,b5c534a9-b33a-4840-ad03-9bfc5a7bdae5,contratpro,Jabbersphere,3593,2907,1/1/2021
891,6dfce27f-ea7a-4f8f-a972-f7b94835f4e7,initial,Shufflester,4097,2403,5/2/2021
892,ea586576-04ce-4e8c-933b-e0d2a1266f16,contratpro,Tagcat,5446,1054,16/12/2020
893,f230bfff-83e2-41cd-8d9d-11fa179e2ab3,contratpro,Ailane,3221,3279,28/08/2021
894,faa51351-9ed9-40ff-b74c-b9d9931db3d4,contratpro,Fanoodle,2843,3657,12/11/2021
895,91a9facb-5da0-4db6-9919-ecedaa971fdf,initial,Youbridge,5652,848,21/11/2021
896,4cf45861-fc0f-41ff-b4ea-d334197b49bd,initial,Meezzy,3396,3104,23/03/2021
897,303ddaa0-4b03-4375-92bb-d90c4c1a4a4d,initial,Babbleopia,5628,872,18/10/2021
898,3565d8d3-25da-46b1-ab58-bc0c969b7e16,initial,Muxo,3617,2883,19/06/2021
899,db60f758-66b7-47e8-b127-d94e0019a1c7,initial,Skyble,3112,3388,12/11/2020
900,758a7a25-4da0-4913-a3bd-f4d4afabed61,apprentissage,Buzzbean,2878,3622,30/01/2022
901,96a02f4d-5075-40d8-9fe6-d4f4221430c2,initial,Devpoint,5131,1369,30/03/2022
902,a9be32b5-6c0d-4375-96ec-d71fa0603d6c,apprentissage,Kazio,5544,956,14/11/2021
903,1771d592-3585-4f2c-8aad-63e05057a545,contratpro,Skynoodle,2374,4126,24/06/2021
904,5bc484e1-600f-45f6-97fc-85d7495118ad,apprentissage,Camido,3267,3233,7/1/2021
905,1cb9effa-7593-4565-bc25-33863c22d419,contratpro,Voomm,4423,2077,18/09/2021
906,b15e9bd4-973a-47a7-8e90-140e1a0cb4a3,apprentissage,Oyoloo,3317,3183,21/04/2022
907,decfe6c5-ecd3-4764-b969-4f08caf8ebbc,initial,Realbridge,5213,1287,17/12/2021
908,b48db797-1d7f-4eb3-8130-4842b5ae321d,contratpro,Wikido,4400,2100,12/6/2021
909,cfd33b5d-cdf1-4fb5-92a5-cfe3a252a880,apprentissage,Rhynyx,3033,3467,20/10/2020
910,bc14a85c-ad49-4fda-b76d-88ee3fc0f105,contratpro,Cogibox,5415,1085,10/6/2021
911,92325314-16ea-4afb-99d3-7dfabb5aa00e,apprentissage,Aimbu,4776,1724,1/2/2021
912,c266e6eb-38f8-429f-92a1-085eaf0e3a5b,apprentissage,Abata,4395,2105,20/12/2021
913,4eb9098d-6572-4586-938a-4a2b9f4b3a34,apprentissage,Realcube,2504,3996,17/10/2020
914,c3a532ce-6a7d-4afc-a151-5816958d172b,apprentissage,Zooveo,4556,1944,19/10/2021
915,88f302b3-a4f9-4c92-ae88-6c5b53f1cf68,contratpro,Lajo,3158,3342,10/5/2021
916,3dcf7c3e-e2d9-4500-9597-d6d88cd86578,apprentissage,Flashpoint,4829,1671,22/02/2022
917,b7085b7c-c9bb-41b9-93d3-60d47f9356c4,contratpro,JumpXS,2963,3537,30/11/2020
918,c5c14a7f-cbfa-47ce-9848-807cc51510e3,apprentissage,Gabvine,5656,844,27/03/2021
919,0e0f3172-d04e-4c18-82de-2b49c7c05fed,initial,Rhynoodle,2991,3509,20/12/2020
920,ae8c03c0-0c57-4e4e-bb64-c6868a0f59cc,initial,Rhyzio,5508,992,24/04/2022
921,37d9ec05-ab09-4e0f-854e-4db39138ebb4,contratpro,Mita,5829,671,12/4/2021
922,e66b2470-ab53-46b9-94bd-516d741352f5,contratpro,Youspan,3842,2658,28/02/2021
923,6bc68c5a-5915-4d48-b90c-d3c23253858e,apprentissage,Vidoo,4068,2432,26/09/2020
924,9fdcc258-281d-47be-8830-e778ecf37445,apprentissage,Blogspan,3217,3283,24/08/2021
925,5e9c6cfe-a2ec-4f47-acc1-ff7bba198d24,initial,Browsetype,3492,3008,3/12/2020
926,92d96396-d202-4c7a-af39-08d846871e59,apprentissage,Voonyx,5578,922,6/2/2022
927,c8d610e6-0a4d-4b5e-a50a-ebb39f3c954e,contratpro,Quire,4083,2417,5/1/2022
928,5fcd4674-b03e-4407-9d99-73601b404854,apprentissage,Youtags,3140,3360,23/01/2021
929,f7697695-62d4-4669-b268-bc5a5dd1cedc,initial,Dabfeed,3882,2618,4/6/2021
930,544b1ad8-9b89-420b-9db6-b18c6e93ce12,apprentissage,Zoomlounge,4403,2097,21/01/2021
931,20fdb225-255e-44c9-9398-670784db1546,contratpro,Agivu,5505,995,6/7/2021
932,4545ec4c-ef85-4f4c-bf69-da6e9886b478,initial,Demizz,5294,1206,11/6/2021
933,429201cb-1b9f-4af3-afb7-49911ee07f7d,contratpro,Twiyo,2212,4288,25/10/2021
934,c9bd3a5d-816f-4717-84c0-c2b68229d0b6,initial,Abata,2090,4410,17/09/2020
935,4a0d652e-20fd-48e3-993a-e0a4c7026365,apprentissage,Realcube,3560,2940,31/03/2022
936,79909882-afb3-4a0d-80ea-8e26757fe250,contratpro,Thoughtstorm,3036,3464,31/01/2021
937,2e1948a7-ab08-4339-a3ea-1d960367b3e4,apprentissage,Fliptune,2177,4323,25/11/2020
938,cd6b0f48-7984-4787-aad4-4fb20cf6ed20,contratpro,Layo,4902,1598,4/4/2021
939,59f12ff1-b36d-4562-b382-3a2fef50aebc,contratpro,Aivee,4113,2387,22/04/2022
940,27ae0395-082b-4721-8c32-18d34b2db439,contratpro,Realpoint,3592,2908,17/09/2021
941,79e30a2e-c06a-4fed-9a26-e4775cc012d5,apprentissage,Brainlounge,5315,1185,2/12/2020
942,12510e8e-04ef-4125-bfc9-22f206acf322,apprentissage,Devbug,4585,1915,17/03/2021
943,5034cf50-e5e6-47c9-8c0b-f473c3437d10,initial,Photofeed,2319,4181,3/5/2021
944,97954e26-f803-4473-bb31-9f1c1e655df8,apprentissage,Jaxworks,3042,3458,27/06/2021
945,1fd99f89-f918-48d0-98ac-d76118555c85,contratpro,Shuffledrive,4506,1994,11/3/2021
946,187263f1-1e2b-49b4-ab9e-d5e7689adae1,contratpro,Minyx,5792,708,25/01/2022
947,3f1feeab-397a-4136-9736-2bdc42adf1c8,contratpro,Jabbercube,4742,1758,20/10/2020
948,c28ac586-cc82-4860-bf5a-8828aba363ed,contratpro,Jaloo,5436,1064,17/03/2021
949,1d00283c-ae80-4008-86a4-060f596d6cd8,contratpro,Meemm,2761,3739,3/12/2020
950,625d5d9f-71fe-4fda-a099-8fd3f81e4ed5,initial,Skidoo,3393,3107,11/2/2021
951,a5fdc83e-7eba-48fd-8cfd-5c9897048596,apprentissage,Tavu,5630,870,22/01/2022
952,88b75344-7d6c-4a1f-8712-90284b6c53ac,apprentissage,Jaloo,3270,3230,19/09/2021
953,c6a83279-dc58-4caa-aa3d-21ece983c67e,initial,Skiptube,2826,3674,7/4/2021
954,211598aa-7adb-416c-8b33-f5ae3d0df565,contratpro,Ooba,2012,4488,22/03/2022
955,1514019f-9d6c-4ccd-ba24-a1f70486f30f,contratpro,Brainlounge,3010,3490,4/1/2021
956,3555a252-2eca-4ae0-b097-7eceac45e0cd,initial,Divape,5473,1027,27/11/2020
957,d7175b80-a4d8-485a-ae53-11cf53e054be,initial,Youopia,4426,2074,21/06/2021
958,d03c6e2c-cf61-4cfd-ae49-627cbc4c083e,contratpro,Innojam,3032,3468,20/06/2021
959,e63946bf-bb50-4a8b-80ed-90885b8b5728,initial,Rhynoodle,2210,4290,8/6/2021
960,586a7a2a-2c7f-41d9-9c83-7d9f7f042815,contratpro,Gigazoom,2257,4243,5/12/2020
961,1eeb7137-ccee-4c41-91a8-e7ccd05404ad,contratpro,Realbuzz,4141,2359,14/04/2022
962,e3866a08-9d3f-4f62-8860-9471eed0f06c,apprentissage,Jazzy,5291,1209,26/07/2021
963,bd4b7ad9-3634-4d94-a6bc-0660173687c2,initial,Fivebridge,2150,4350,6/2/2021
964,cfd0d18b-b825-429c-9ec5-8276ab112198,initial,Tagtune,2426,4074,23/03/2021
965,755b8a5a-223a-4aea-88cf-504cffa11e0f,initial,Linktype,2419,4081,10/12/2020
966,d1325f2d-31b2-45f2-81e2-1d715e1d7719,apprentissage,Einti,3014,3486,20/07/2021
967,1e35165c-f6e2-441a-854f-a3b9745bc72c,apprentissage,Tazz,4604,1896,4/11/2021
968,e14ffc8f-35d1-488c-8914-a54350fcbcbb,contratpro,Livefish,3566,2934,28/10/2020
969,c4e81606-fde0-4780-a73a-73b4b8d80bea,contratpro,Yodel,3878,2622,11/11/2021
970,67af8684-4873-49be-b120-9aaa453b7daa,apprentissage,Vidoo,4431,2069,13/09/2021
971,50f898ac-cded-4ce8-beec-b3a1f80fd0c8,initial,Dabvine,2396,4104,21/04/2022
972,ebaf7660-e275-487b-acc8-6b09faa08aa4,apprentissage,Rhyzio,3022,3478,11/2/2022
973,59e9dfa5-2cab-4d28-99f5-92e382c55f36,initial,Oozz,3239,3261,1/12/2021
974,3d53f842-1d79-4e8f-8a9b-2a6d6ba96678,initial,Quinu,2890,3610,4/9/2020
975,c56084de-c01b-4a63-b550-635295706849,apprentissage,Youspan,2045,4455,18/10/2020
976,14492320-f73e-46a0-9c95-4f06e475f947,apprentissage,Photobean,2834,3666,30/09/2020
977,2f310331-37af-42d0-b7f1-032a85badc5a,contratpro,Digitube,2555,3945,22/04/2022
978,18408d25-1d56-417b-ba01-1411fca695be,initial,Flipbug,5044,1456,29/01/2021
979,04681479-e655-4431-8ea7-8793523bfa2c,apprentissage,Janyx,5775,725,6/5/2021
980,519f32d2-5ff4-4661-9a5b-944680072922,initial,Eimbee,2804,3696,25/07/2021
981,97bb8b05-3437-4688-b1d1-c00ddab6135c,contratpro,Photobean,3330,3170,12/12/2021
982,81e790a9-9c90-44bd-b6f3-aec4442e9223,contratpro,Rhyzio,4863,1637,26/10/2020
983,4d177588-72f7-43c9-9774-2683ee9f9c4b,contratpro,Voolith,2480,4020,17/09/2021
984,b4758443-cad5-490f-ac71-c93c79a7b85a,initial,Edgeify,2294,4206,24/04/2022
985,98eac465-cf5c-4880-b645-41d35a55141e,initial,Jabbersphere,3432,3068,12/1/2021
986,f7dc612c-ea34-4f65-a2c2-de1dcde3d7ec,initial,Ozu,2508,3992,7/5/2021
987,b5541fcc-e776-4f36-ab40-719feaeca887,apprentissage,Brainverse,3786,2714,20/04/2021
988,f1b6deea-7cdc-46ee-9fef-b27683468a6e,apprentissage,Divavu,4627,1873,5/9/2021
989,c1d45124-3343-4ea8-8380-bd92cc2e009e,initial,Demizz,4609,1891,22/09/2020
990,e48f568b-e307-47ca-b95a-4f8d9bc7fa2d,contratpro,Skyba,2973,3527,30/05/2021
991,0e076d04-44c1-4ab9-a637-57738d55d4e8,initial,Wordify,4756,1744,15/01/2022
992,3a721c41-40c6-4753-a283-491e983ef9fa,initial,Skilith,5488,1012,14/11/2021
993,109b2022-83e7-45c9-807b-164063d22f05,apprentissage,Edgeify,3389,3111,17/04/2021
994,b2230b03-25a6-40f3-b0ad-d8e0685c5eda,apprentissage,Skippad,3323,3177,9/8/2021
995,dec7c6d3-dad0-4439-9496-dd3c5d4c863b,initial,Kimia,3625,2875,19/11/2021
996,77168955-f0b5-4c34-8c8b-d10361f773ba,initial,Tagtune,3978,2522,5/11/2021
997,c1b14d41-1187-475c-b6a0-9788be0100f3,contratpro,Kwinu,2468,4032,31/01/2021
998,e15a72d1-4d1e-44bb-95f7-87717793680a,contratpro,Skimia,5887,613,21/12/2020
999,8e3c46ac-ec13-413b-8a5d-e1b15a61dea3,contratpro,Thoughtstorm,5570,930,22/10/2021
1000,a672a32e-8d14-4fdd-92ce-2ada39739f92,contratpro,Eare,4130,2370,13/11/2020
