id,cursus,module,student,grade
1,M.Eng2,4TTHS,691ad79e-b34b-43c2-a0fd-3b0abb217fdb,9.3
2,M.Eng2,2CFAH,49d5208b-6cb9-401b-b211-fe07cb1ea0a0,12.8
3,B.Eng3,5ZZYP,4c58dc28-1588-4427-9c91-1a71ecc32385,14.3
4,M.Eng2,3AQBS,ae8c03c0-0c57-4e4e-bb64-c6868a0f59cc,7.6
5,B.Eng3,4LNUX,4d94a5ca-a42e-4381-94bb-d76556f995d7,9.3
6,B.Eng2,3IYIO,d1494d27-a4f2-4923-99b3-48b436100b85,14.0
7,M.Eng2,1DASR,e4229bf8-6bce-4618-b228-72229c7f68c2,12.2
8,B.Eng2,5DSVZ,97bdebbb-72c0-41a2-8e38-f45b774d783e,3.4
9,B.Eng3,5OEUV,97954e26-f803-4473-bb31-9f1c1e655df8,5.3
10,B.Eng2,3IYIO,72e1e6ba-9286-4c35-8b44-514a1f92ca60,11.1
11,B.Eng2,3ARAO,dd08585d-a252-4828-97f6-3ec83d020212,7.2
12,M.Eng2,4JSHO,6146b895-6ae9-483a-93ff-bc36881e024e,14.0
13,B.Eng2,4RNAO,6dfce27f-ea7a-4f8f-a972-f7b94835f4e7,7.0
14,M.Eng1,5YMGB,e709f205-e1c9-4f85-a2ac-1cc75ba56905,3.6
15,B.Eng2,5DNGM,def90527-14bd-4631-90f7-5b339dd43448,17.0
16,B.Eng2,5FOAK,325efc36-b92b-4707-b44a-d034a91f5297,18.7
17,B.Eng2,5FOAK,4dff4028-3be7-4b1b-ae72-8495ea9830c0,14.8
18,M.Eng2,5GLJR,372407f5-9579-4729-9dca-11b72954a6c1,12.0
19,M.Eng1,5YMGB,50f898ac-cded-4ce8-beec-b3a1f80fd0c8,10.9
20,B.Eng2,4VNXY,e5c839f9-1455-4768-b11a-6fadd2166179,5.2
21,M.Eng1,5LKWS,beeb08e7-cac0-4041-b287-838da45bfe69,3.9
22,B.Eng2,5ECVK,88f302b3-a4f9-4c92-ae88-6c5b53f1cf68,9.5
23,M.Eng1,5KVHK,6174295a-79e3-4176-877f-bdce5c96604a,13.7
24,B.Eng3,5ZZYP,a4b01ab4-c7bd-4030-9fd2-0c25421f4492,11.9
25,B.Eng1,5NVBO,1fa03d90-b565-4d6e-ab60-a61c1baad1d2,10.5
26,B.Eng1,3YORQ,849cfff5-6abc-482c-a8a3-905136bef82b,12.9
27,B.Eng2,4ATOY,3120b405-543d-4ca1-8075-111cc83a1433,2.3
28,B.Eng2,4JKJN,e16f9cf7-c664-436e-ad9c-12a3772b27e3,14.9
29,M.Eng1,5KVHK,dfe8cafd-35a8-4778-9b14-90ca35c72b81,9.0
30,M.Eng1,5WBGG,caf5edbb-0a66-48dc-9884-8eb97fd3baad,12.2
31,B.Eng3,5UPBZ,59f12ff1-b36d-4562-b382-3a2fef50aebc,6.3
32,M.Eng1,4EPKM,36462f1d-2fb8-44b6-aa56-7798709afb5b,6.5
33,B.Eng1,5NZYN,4f1a1442-1aae-4162-a317-e5e99e777508,7.7
34,B.Eng2,2JIOH,49050bc1-e547-4aa1-9480-6593741a5c60,8.1
35,M.Eng1,5IITC,d340b0ed-8ba7-464c-8096-0daa0d33d4f2,7.9
36,B.Eng3,5JUUF,99314d5a-0181-4e36-8ed6-17a4f460e2f2,7.4
37,B.Eng3,5RMVR,3d86929a-ab08-4de1-86ed-d237f31c975f,11.1
38,B.Eng3,5JGSI,9909a272-c600-479f-8388-cb26c3677057,13.9
39,B.Eng1,5FFNY,a5190226-87c8-421e-9d2d-2da0ea8d6cdf,17.6
40,B.Eng1,5NPUG,4ae29546-6796-4bb7-9ba7-f459d99c1d36,15.9
41,B.Eng2,5XRVS,352e4e72-c52e-45fc-a3f2-36ba8d4e0016,3.8
42,M.Eng1,5KVHK,f3d6c2e3-2e34-4d40-8375-f520b7ae525a,5.8
43,B.Eng2,5FCNI,9fd04284-6a1e-40bd-baf0-73ec2b75a874,12.2
44,M.Eng1,5WBGG,956e1f07-536c-4e13-9fc7-eca130c87fb9,7.6
45,B.Eng3,5JUUF,f1b6deea-7cdc-46ee-9fef-b27683468a6e,5.9
46,B.Eng3,5PWMY,a672a32e-8d14-4fdd-92ce-2ada39739f92,7.4
47,B.Eng1,5FFNY,d1494d27-a4f2-4923-99b3-48b436100b85,9.8
48,B.Eng2,5GDFC,96ad38e7-b9f9-4d6d-89a4-42fedae1f2fb,5.5
49,M.Eng2,5NDXE,bc01b3f8-3121-4f14-a051-758936ed7bf3,7.9
50,B.Eng2,5FOAK,2f6fee2c-56ab-411b-8aa4-2cfc221f6c13,-0.5
51,B.Eng2,5FOTM,5ae6527a-3b10-4519-84b6-b6c69d082746,6.7
52,B.Eng2,5FOTM,92d96396-d202-4c7a-af39-08d846871e59,13.6
53,B.Eng1,4MLIR,223bebfc-9716-4fe7-b70d-4b7b0d0e751c,11.2
54,B.Eng1,4ALAM,ad088e5c-0fbd-4209-85c9-276c02cb74d4,4.5
55,M.Eng1,5YMGB,691a1f93-d7c5-4049-9e74-2f858639f8d7,1.1
56,B.Eng1,5DZZH,6c593966-d048-45dc-97db-81f893d8bef1,14.8
57,B.Eng3,4LNUX,14740338-b201-43a1-a390-a740cc9e780a,10.9
58,M.Eng1,5IITC,bb1897df-017e-457b-af92-5f96c0286231,12.1
59,B.Eng2,5VQVE,428d86aa-ffc9-4809-b51f-8f3f2098274f,5.1
60,B.Eng1,5NZYN,79909882-afb3-4a0d-80ea-8e26757fe250,1.0
61,M.Eng2,3AQBS,99314d5a-0181-4e36-8ed6-17a4f460e2f2,11.3
62,B.Eng2,5GDFC,0b9ccd8e-65a1-4414-ab26-52675b3b7174,12.8
63,M.Eng2,5PHYC,d75d1b4a-f462-4b3d-8d8d-f7e8e7234fa4,12.7
64,B.Eng1,5SKRT,aa1d228e-c522-4909-83e0-08197c56070b,7.7
65,M.Eng2,3MDOM,2ad8fb9c-9539-48b4-8536-5e5c66d76d54,10.4
66,B.Eng1,4ALAM,891c6faf-7d78-4042-9daf-16f5dcadeab3,9.9
67,B.Eng1,5NZYN,4cdd6e64-769c-40cb-9f49-14fcff5ee71e,15.3
68,B.Eng1,4YBIW,b3b48589-8d38-42b6-a6df-84a3adf35b3a,11.9
69,M.Eng2,4JSHO,3dcf7c3e-e2d9-4500-9597-d6d88cd86578,10.2
70,B.Eng3,4BXUR,49050bc1-e547-4aa1-9480-6593741a5c60,14.2
71,B.Eng2,5DSVZ,1fcd7590-8bda-4d79-8b9c-26be5c72cf99,19.8
72,M.Eng2,3MDOM,f3a7f173-4fd0-434c-9662-a7579d173697,11.7
73,B.Eng1,5NVBO,bd2607b2-78eb-4a57-8a94-ee28ffa73cf0,3.5
74,B.Eng3,5JGAZ,6146b895-6ae9-483a-93ff-bc36881e024e,12.9
75,B.Eng2,3HFIY,54344535-eea8-4b83-a3b3-53889a14e338,12.5
76,B.Eng2,3LTXM,15d5a8b2-a5d5-488f-8e79-aa3f53427661,9.6
77,B.Eng2,5XFJO,3ceb2184-53c7-412b-9e25-c9794dd95e94,4.0
78,B.Eng2,5SRSG,650ad6a2-ba51-402f-bfca-cd10822af463,3.8
79,M.Eng1,4EPKM,9e69e4bf-3218-436a-9ddc-1ba4e7e0e9a3,15.8
80,B.Eng1,5SKRT,6aeaead5-c0d6-4c1c-8f55-381eac5a6c77,17.3
81,B.Eng2,5DSVZ,586a7a2a-2c7f-41d9-9c83-7d9f7f042815,17.2
82,M.Eng1,5WBGG,b3d844b1-a448-4cec-801b-960a918aea8a,15.7
83,B.Eng1,5DZZH,352e4e72-c52e-45fc-a3f2-36ba8d4e0016,12.3
84,B.Eng2,3HFIY,0c0c8abe-bf91-42c5-83b0-45b5a30f8bcd,12.6
85,M.Eng2,5DXPR,753d664f-fced-4000-a11f-94779d577727,8.2
86,B.Eng1,5XXUQ,d825e0cb-751f-4918-8be1-52d9f048312d,13.6
87,B.Eng1,1YWFZ,bb82554a-25c2-4d3c-82d3-7831cb43146d,-0.6
88,B.Eng2,3IYIO,decfe6c5-ecd3-4764-b969-4f08caf8ebbc,6.5
89,M.Eng1,1ALQN,a68a2b9c-301e-4bac-960b-c49488ee1082,7.3
90,M.Eng1,4OJKV,be6afbe6-4833-4b95-a261-01d5d8b12051,5.5
91,B.Eng2,5GDFC,338d4f7d-c2e2-4294-b18d-2c1f64da88e2,9.0
92,B.Eng1,5SKRT,1771d592-3585-4f2c-8aad-63e05057a545,5.6
93,M.Eng1,4EPKM,c00958bb-d066-4fbb-af57-112217d8fe4c,9.5
94,B.Eng1,5UYPC,92d96396-d202-4c7a-af39-08d846871e59,8.0
95,B.Eng1,4YBIW,dce274c7-795c-4f03-8e4a-e277a497e795,7.0
96,M.Eng1,1ALQN,c0be3fe8-7975-4917-976c-c58c39e713d0,10.9
97,B.Eng1,5FFNY,0fe35f23-cb8b-4d27-962d-17d27ab10461,6.7
98,B.Eng2,5XRVS,0ab06385-6d81-4f7e-ac7e-3272b0a56b56,9.2
99,B.Eng2,4RNAO,802693fb-3a6f-4aa0-9892-c25a06fe0ef1,3.5
100,M.Eng2,4TTHS,3e917cfa-804b-4e6c-bcf5-ad4e4ede0057,0.0
101,M.Eng2,5NDXE,223bebfc-9716-4fe7-b70d-4b7b0d0e751c,13.6
102,B.Eng2,3ARAO,7862900d-d9b4-4afe-8a22-696f3018439e,15.4
103,M.Eng2,4LSRE,31cce666-ee6d-49f6-a40d-a0124b54163f,6.0
104,M.Eng1,4EPKM,02477016-9d26-438e-a5ed-9c94fa92a283,7.1
105,B.Eng2,4ATOY,2818654d-7cbb-407d-9bbc-8233d444dadd,4.3
106,B.Eng2,5XFJO,6494c517-5dfa-44a2-a2d7-72d8233a6658,-0.2
107,B.Eng3,4BXUR,bff5a158-6047-4ac3-ad28-ca5ef1016645,19.5
108,B.Eng1,5NZYN,1648091b-bd30-4f52-af24-464fec503045,9.7
109,B.Eng3,5EBDK,530cd6c3-9bf9-4219-8560-bffdb16b9d60,15.7
110,B.Eng2,5MWVM,0e0b01e2-08dd-4715-952c-c3fa16776909,3.2
111,M.Eng1,4PLUS,c3e554d0-bcb0-410d-874d-73cb9f2d0c53,5.9
112,B.Eng3,4LNUX,4dff4028-3be7-4b1b-ae72-8495ea9830c0,9.8
113,B.Eng1,5UYPC,127e5dd5-fef7-47e0-9e95-799d9c65ebc9,10.4
114,B.Eng1,5FIQG,67af8684-4873-49be-b120-9aaa453b7daa,6.3
115,B.Eng1,4YBIW,6ef85bd9-3392-49d5-8161-e89219ba6b93,15.1
116,M.Eng2,4LODA,0979ca9e-31e6-430a-b007-971663be3c99,15.5
117,B.Eng2,3ARAO,c731ac73-61e7-427f-844c-ad11f45db153,19.6
118,B.Eng3,4CLUV,691ad79e-b34b-43c2-a0fd-3b0abb217fdb,6.9
119,B.Eng1,1YWFZ,7c4d26be-7e57-4642-a9a1-ed9d5be59dc2,3.2
120,B.Eng1,5UYPC,9d1f04f2-016f-42ee-81e4-e975f40958c3,8.2
121,M.Eng1,4ZOXR,17da8336-84f4-41c6-a59b-7e4449ed32a6,14.9
122,B.Eng1,4YBIW,e14ffc8f-35d1-488c-8914-a54350fcbcbb,5.7
123,B.Eng3,5UMPK,7ba8dcd8-43da-429c-a1c2-b2ac6a1ae079,17.1
124,B.Eng3,5UPBZ,5bc484e1-600f-45f6-97fc-85d7495118ad,13.9
125,M.Eng2,2GCWZ,1225af73-1fc1-4a36-a7b8-90e7b91d53fa,1.7
126,M.Eng2,4HEED,fc291e20-e110-43e0-b660-8a16ff678f9f,9.1
127,M.Eng2,5AYKU,3b85bf49-a2de-4dfd-8415-b70cd156c719,9.6
128,B.Eng3,4CLUV,4e7c8fb7-9d08-456d-a09b-65496459cc63,7.3
129,B.Eng3,5JGAZ,6f88ae04-060c-446d-ac2a-13dfcb6e6132,12.4
130,B.Eng2,4QYJH,4d6174c3-3235-4361-af17-24ccb12424f3,4.4
131,M.Eng2,4LODA,34306561-77bc-4448-9952-7cf9ce822d40,12.0
132,B.Eng3,5PWMY,b5b8409c-b234-406a-aeba-8508fd0495b1,21.5
133,B.Eng2,4JKJN,d03c6e2c-cf61-4cfd-ae49-627cbc4c083e,9.4
134,B.Eng3,5AXON,81557426-7358-4d79-918b-83fd3ee88c16,10.3
135,M.Eng2,4LSRE,2b270041-7d2f-42c6-9fdb-1bab6b3914ea,17.4
136,B.Eng2,5FOTM,fb7e899b-0f50-4dc4-b99c-466c12c26a2c,7.1
137,B.Eng1,5SKRT,db60f758-66b7-47e8-b127-d94e0019a1c7,10.6
138,B.Eng2,5FOAK,3c058c44-002e-4eb8-a551-8dd27e7e26ef,13.0
139,M.Eng1,5IITC,8a17094b-fca5-4bd5-af8f-3385e0ee6d4a,9.6
140,B.Eng2,4VNXY,7b11b69d-017c-448a-a7a1-b1c6b258617c,3.2
141,M.Eng2,3MDOM,1e00fe9a-6594-4d19-bfd6-c55ed73b6554,2.4
142,M.Eng1,4EPKM,26bc1ba1-3df7-49f9-ae5f-e0cf03664776,10.8
143,B.Eng3,2ULJN,7b11b69d-017c-448a-a7a1-b1c6b258617c,11.3
144,B.Eng2,3ARAO,2ec52c2e-36e3-4577-933e-e5ff33a6b316,10.1
145,B.Eng2,5DNGM,ee499baa-9e53-4206-82dd-be55fc2e844c,10.6
146,B.Eng1,5DZZH,544b1ad8-9b89-420b-9db6-b18c6e93ce12,22.0
147,B.Eng1,5FIQG,7c3531a3-d3cf-4603-a579-be343bd20111,6.6
148,B.Eng3,4CLUV,ee499baa-9e53-4206-82dd-be55fc2e844c,16.4
149,B.Eng3,4AJLM,f3a7f173-4fd0-434c-9662-a7579d173697,11.1
150,B.Eng2,5XFJO,3fd730c6-d2bb-4660-9089-57b6b75b1bc9,9.7
151,M.Eng2,5PHYC,0d8d895d-b0f5-4a6c-81e4-dc7cc57b6419,17.4
152,B.Eng1,5NZYN,3e917cfa-804b-4e6c-bcf5-ad4e4ede0057,15.9
153,M.Eng1,4ZOXR,b5b8409c-b234-406a-aeba-8508fd0495b1,10.3
154,B.Eng1,1PPMR,722f4cc2-a126-40d0-8831-f2c022197053,12.8
155,B.Eng2,4QYJH,27c4001f-e883-42e4-9a4c-656c7668c41d,9.8
156,M.Eng2,5NDXE,0fd43cea-dab0-4069-895b-9389659aa012,19.8
157,M.Eng2,4JSHO,150d3744-4b13-416f-9b68-9654ca5f153a,16.8
158,B.Eng2,4JKJN,2929f644-ae30-4a2f-b8eb-540fc58cb055,3.3
159,M.Eng1,5MIJJ,6d55e810-fa38-47e1-bfb6-0fdaf990bfcf,14.9
160,B.Eng2,2JIOH,0852a98f-1ec0-4784-b883-2114479e69b1,21.6
161,M.Eng2,4LODA,30d3eec4-146f-47f9-865a-d4f8ef793822,8.6
162,M.Eng1,5BDYU,0efa3246-f7fd-4168-863e-b96aa3e89de6,2.5
163,M.Eng2,3MDOM,6c222290-ca4f-467b-9f80-2ed571f4ba84,10.1
164,M.Eng2,2CFAH,6f3587b7-b52e-4fd0-92df-77042e391aa3,14.7
165,M.Eng1,5YMGB,fb0a472a-9910-4ae0-bf67-e703664a08b2,12.1
166,B.Eng2,5XFJO,1648091b-bd30-4f52-af24-464fec503045,15.3
167,B.Eng3,4WQVJ,c61121d0-b9d5-4e08-a67e-1c933dddfcb1,21.1
168,B.Eng2,3IYIO,97bdebbb-72c0-41a2-8e38-f45b774d783e,9.9
169,M.Eng1,4PLUS,4ac6aad6-c6a2-44c4-9055-92e6cf04c3e2,12.0
170,B.Eng3,5ZZYP,aca87ebd-aa95-4ff0-aa15-00fc46591d4e,10.4
171,B.Eng2,5FOAK,4aa717f5-0e01-4888-8bd9-e0ab57bd1ebd,1.9
172,B.Eng3,4CLUV,f34afaf8-ce7d-4404-bcc5-d6decb27a972,-1.5
173,M.Eng2,5KRBI,4d0b6157-4927-4f73-884b-7f7cb1e56482,3.7
174,B.Eng2,2BDDE,579f956b-7de2-4e3d-8979-123346cad79d,9.0
175,B.Eng2,4VNXY,de6da468-360a-409b-8dfc-9de930a69b00,7.6
176,B.Eng3,4AJLM,429201cb-1b9f-4af3-afb7-49911ee07f7d,5.2
177,B.Eng2,2JIOH,7a93a1c6-074f-456c-88cd-c7ed4cd266c5,8.4
178,M.Eng2,2GCWZ,f48a3497-2719-4246-9990-692902fde00b,14.0
179,M.Eng2,2CFAH,222305c4-ee30-438e-862a-85500e13d757,8.5
180,B.Eng3,4CLUV,1d55ae61-9f35-4c44-ab65-144c9a6f0dc4,-0.6
181,B.Eng2,4JKJN,72bfb358-f921-44a9-9047-c2ef9599d382,9.2
182,B.Eng3,5SNOJ,543c9bcd-66f7-44a7-ad1c-552e6fc6b32e,10.3
183,B.Eng1,5AKYM,6aaa81cd-cecf-4123-b6ac-391d41a6f4a6,5.1
184,B.Eng3,4LNUX,b77d0c5b-f73a-41b7-a1b4-76b7a39418da,5.1
185,B.Eng2,5FOTM,03efe47f-3bc7-4ed1-9cf5-5395387b40fd,5.2
186,B.Eng3,5PWMY,8d11681f-de38-4561-bead-f3478ca3046b,11.8
187,M.Eng2,5KRBI,be6afbe6-4833-4b95-a261-01d5d8b12051,3.0
188,B.Eng2,3IYIO,a85e7cc5-3436-41fe-a8f3-4a1d637cd589,11.6
189,M.Eng1,4VYMF,3c5ddd7d-64d2-492f-adb1-8c6e7efbab85,9.9
190,B.Eng2,5OKFT,92d96396-d202-4c7a-af39-08d846871e59,8.1
191,B.Eng2,4VNXY,249d84a9-7783-4178-a48d-1ea631eb7012,2.3
192,M.Eng2,4LODA,fabf0e8c-21ed-4bc5-bca4-37a2158ec0cf,16.2
193,M.Eng2,5GLJR,6a48759d-8c81-4989-9299-1c8478c722ef,5.7
194,B.Eng2,5SRSG,bdb0bda4-1e6a-4865-8992-b290d482a4c0,4.5
195,M.Eng2,4JSHO,14492320-f73e-46a0-9c95-4f06e475f947,-3.2
196,B.Eng2,5OKFT,48b43ed8-5088-4366-8580-6dbbefa5740d,10.4
197,B.Eng3,5JGAZ,856f8091-934c-4397-809f-f88a6305ef14,11.9
198,B.Eng3,5PWMY,8e3c46ac-ec13-413b-8a5d-e1b15a61dea3,11.3
199,B.Eng3,5UMPK,4f1a1442-1aae-4162-a317-e5e99e777508,2.4
200,B.Eng2,5LZWP,11a9c2e0-044c-44d7-9dc5-d47f6051cb7c,4.6
201,M.Eng2,3MDOM,6f8d4f04-d404-4a8e-aff7-27ed80fec032,7.5
202,B.Eng1,5NPUG,c6a83279-dc58-4caa-aa3d-21ece983c67e,17.7
203,B.Eng3,5JGAZ,f147fe13-f9a2-474d-948e-af432b76e27c,11.9
204,B.Eng1,1PPMR,d529ae65-f9f2-4ffb-be4b-b6be5d5353bb,17.2
205,M.Eng2,5DXPR,50fb6b72-3a73-4144-9698-8b471039fd3c,6.1
206,B.Eng2,3HFIY,07314c6d-5eec-40a1-9582-ecf6ff56c7ca,5.4
207,M.Eng2,4TTHS,3a59d274-accc-48d8-9c5c-730720ef3fea,11.0
208,M.Eng2,4HEED,cc05f5f0-b252-4b07-b282-f0108124ba3c,2.5
209,M.Eng2,1DASR,81557426-7358-4d79-918b-83fd3ee88c16,10.2
210,B.Eng2,5FCNI,a68a2b9c-301e-4bac-960b-c49488ee1082,11.6
211,B.Eng2,5FCNI,11a9c2e0-044c-44d7-9dc5-d47f6051cb7c,7.7
212,B.Eng2,5XRVS,4aa717f5-0e01-4888-8bd9-e0ab57bd1ebd,3.6
213,M.Eng2,4TTHS,0a4070e3-8f63-43b3-8086-900c32d7a994,17.7
214,B.Eng3,5JGSI,c51ef5f4-7100-47b5-bb0a-21e4acada46c,2.2
215,B.Eng2,4QYJH,2eeb50f9-3cf6-46e0-a510-27bc3946d1b4,8.8
216,B.Eng1,5FFNY,4ac6aad6-c6a2-44c4-9055-92e6cf04c3e2,9.7
217,B.Eng2,3IYIO,1b46e9a9-6de8-4059-bab1-f688668cb4e0,13.6
218,B.Eng1,5SKRT,f1e5476c-5b86-4135-bb6f-26e96fe1cb97,7.6
219,B.Eng3,2ULJN,f230bfff-83e2-41cd-8d9d-11fa179e2ab3,7.5
220,B.Eng3,5PWMY,81e790a9-9c90-44bd-b6f3-aec4442e9223,9.6
221,M.Eng1,5BDYU,b5b8409c-b234-406a-aeba-8508fd0495b1,10.5
222,M.Eng1,5MIJJ,550cdba6-11ad-4c9e-970b-068248b49bcf,7.2
223,B.Eng2,3IYIO,1aa46ec3-9baa-4918-837a-1a2f593cf89f,5.2
224,B.Eng2,5FCNI,464a740f-d973-42c0-9630-5e6bcbedde59,7.7
225,B.Eng3,5EBDK,752c9350-45ab-4e0f-beac-a9e8a9a9fea1,19.3
226,B.Eng1,5XXUQ,cde35745-c6ba-4cce-b572-f857a50bfb21,11.7
227,B.Eng2,5OKFT,045f0314-862b-488b-81c5-5ccb0a5f3c10,7.9
228,B.Eng2,5DNGM,7da82f67-aea3-49ea-9d55-52cc2aa8c2a4,10.6
229,M.Eng1,4EPKM,5be026be-7098-4d60-9560-fa60a471515a,4.0
230,B.Eng2,5SPUI,338d4f7d-c2e2-4294-b18d-2c1f64da88e2,12.5
231,B.Eng1,5NPUG,c0be3fe8-7975-4917-976c-c58c39e713d0,13.0
232,B.Eng3,5AXON,802cdb03-0249-4593-b43a-4e7c8b8df591,6.7
233,B.Eng3,5PWMY,5904819b-80cf-46db-9a7a-829ab43ade35,16.1
234,B.Eng2,4QYJH,f598554f-29a3-4793-977a-420bcb3dca6a,6.6
235,B.Eng3,5JGSI,9a5f71ca-a4a6-4a97-9bf3-e9cd480e1d60,4.3
236,B.Eng2,2JIOH,c266e6eb-38f8-429f-92a1-085eaf0e3a5b,25.9
237,B.Eng2,5FCNI,db43bc2b-7264-4075-8df8-6101e8a993ad,-0.0
238,B.Eng1,4MLIR,f164db61-fbee-4ff6-b0de-70d43fa43e4b,7.9
239,B.Eng1,1YWFZ,320db2ed-bc25-46db-9e69-44b562e7e65d,0.2
240,B.Eng1,5NVBO,b77d0c5b-f73a-41b7-a1b4-76b7a39418da,9.2
241,M.Eng2,2CFAH,78f5d9fc-ba01-4290-9451-ab3d7df496ad,11.4
242,M.Eng1,4OJKV,44ad98d4-d82e-4c29-9f3d-4c7250fecbc3,10.0
243,B.Eng3,2ULJN,02af47d9-de73-41ca-aae5-21f0760a774a,20.6
244,B.Eng1,5XXUQ,8dca27bc-a573-4c39-845f-16ee420ef4cf,8.4
245,B.Eng1,3YORQ,4dff4028-3be7-4b1b-ae72-8495ea9830c0,7.2
246,B.Eng2,5FOAK,db9a27b7-6325-400a-8a59-e6694997cb99,8.6
247,B.Eng2,3IYIO,59dd97a9-6c76-4487-bf53-f65082be91f8,14.0
248,B.Eng1,4YBIW,9d6d9615-9c5d-411e-b815-adda07d77d0a,15.6
249,M.Eng2,4LODA,d7efd813-c0a7-40e6-bc92-4cb1b48bbfd7,5.1
250,B.Eng1,1PPMR,3fd730c6-d2bb-4660-9089-57b6b75b1bc9,5.2
251,B.Eng2,4VNXY,d1230277-81ec-49e2-bdb4-fe3b8223aa1f,22.1
252,M.Eng1,3TMAV,a5fdc83e-7eba-48fd-8cfd-5c9897048596,4.0
253,B.Eng3,5DLVB,5b20d954-6af9-4651-a40e-4e9884f24561,6.8
254,B.Eng3,2ULJN,d529ae65-f9f2-4ffb-be4b-b6be5d5353bb,7.0
255,B.Eng3,5UMPK,5b84a245-492d-4e34-9517-2ad933a110c1,11.0
256,B.Eng3,5JGAZ,7bfc5786-9707-409f-a764-a518588c6bbf,3.1
257,B.Eng3,5UMPK,4eb9098d-6572-4586-938a-4a2b9f4b3a34,14.0
258,B.Eng2,5SPUI,6a25b9a8-2ddb-4f31-81c3-07b50553d722,8.9
259,M.Eng2,4HEED,d5f2eda9-4e28-4aaf-89c0-b85d1465d9e2,10.3
260,M.Eng2,5KRBI,37d9ec05-ab09-4e0f-854e-4db39138ebb4,9.2
261,M.Eng2,5AYKU,91ebb98a-970b-4ee7-8413-5328353221c4,11.8
262,B.Eng2,5FCNI,f44f2fa6-232e-461a-9148-c39555241d4f,17.8
263,M.Eng1,1ALQN,d0e7bd8e-207b-4e39-9fb7-bd98b2d380b2,7.6
264,M.Eng2,3MDOM,fabf0e8c-21ed-4bc5-bca4-37a2158ec0cf,0.8
265,B.Eng2,5XFJO,66fcfb5f-845b-43bd-a1a9-331e60737708,7.4
266,B.Eng3,4BXUR,518351f4-92c5-4273-984e-21bf0dec8fef,7.1
267,B.Eng2,5XRVS,3a721c41-40c6-4753-a283-491e983ef9fa,13.7
268,B.Eng2,5FCNI,2b6eab82-7587-4bee-9d20-26590cec0350,6.7
269,M.Eng1,1ALQN,a03efc7f-4e93-465e-b198-cebc7f0661e1,6.1
270,B.Eng2,4RNAO,191820d0-8a08-452d-b2a6-3c98fcba943b,9.9
271,M.Eng2,5AYKU,de249bb5-b2c6-44d5-9943-abc45ee92049,12.9
272,M.Eng2,5GLJR,3d86929a-ab08-4de1-86ed-d237f31c975f,3.7
273,B.Eng1,4MLIR,f3d6c2e3-2e34-4d40-8375-f520b7ae525a,16.8
274,B.Eng2,3LTXM,8cc5b4da-db35-4a8b-900c-38d14e89ee21,4.5
275,B.Eng2,2BDDE,c90c3fa7-1e35-4329-b56a-bdc94cdf18a1,8.3
276,B.Eng3,5UMPK,97954e26-f803-4473-bb31-9f1c1e655df8,9.5
277,B.Eng3,5JGSI,7897ce9b-528f-4022-a2fb-24b506068c89,12.4
278,B.Eng2,5SRSG,eccd9917-9dfa-4c05-b37a-19e28a5f9b60,9.5
279,B.Eng3,4AJLM,cc05f5f0-b252-4b07-b282-f0108124ba3c,6.5
280,B.Eng2,5XRVS,9e2dbd25-c159-4aab-bedc-14218dba5f59,8.7
281,B.Eng2,5ECVK,c516b6b3-1fe9-4b7a-acc5-10b6fa8c6e0b,9.0
282,B.Eng2,3IYIO,eaf7c521-74b7-40ed-9066-d208eb4086ee,14.2
283,B.Eng3,5UPBZ,83bba1d9-5616-4d88-a9de-777fa353aa69,4.9
284,B.Eng3,2ULJN,d92a96a2-e6f2-418c-8813-87711adb61de,12.2
285,B.Eng1,5DZZH,e3866a08-9d3f-4f62-8860-9471eed0f06c,14.5
286,B.Eng2,4ATOY,428d86aa-ffc9-4809-b51f-8f3f2098274f,11.9
287,B.Eng1,4ALAM,ddd19ea9-bd8c-4cd9-909e-1078ea7db034,10.0
288,B.Eng1,4ALAM,6f8d4f04-d404-4a8e-aff7-27ed80fec032,8.4
289,M.Eng1,5IITC,cc72e008-a562-4318-8184-d21129320fb2,10.8
290,B.Eng2,2JIOH,77f31a57-8d8c-48bb-b8a7-19d458bf85e2,11.7
291,B.Eng2,3LTXM,1e12f061-5602-4bf8-99c0-f7aa523ae4bd,5.9
292,B.Eng2,5XRVS,b15e9bd4-973a-47a7-8e90-140e1a0cb4a3,16.5
293,B.Eng3,5JGAZ,422d0edd-32b9-44f4-b110-a38ab3eddf74,10.7
294,M.Eng2,4LSRE,3a37ac35-8ae5-4d41-8488-1bf85d6c18bf,14.7
295,B.Eng2,5WWSZ,ac5c40ef-cb4c-4bcc-ba3a-0cf6598f3745,15.1
296,B.Eng2,3LTXM,c7a398cc-d167-4738-a1e1-bf6c84ec5485,7.0
297,M.Eng1,5MIJJ,28a21846-fccb-4970-9787-0edfd6e60af5,5.2
298,M.Eng1,4EPKM,6dfce27f-ea7a-4f8f-a972-f7b94835f4e7,15.2
299,B.Eng1,1YWFZ,f598554f-29a3-4793-977a-420bcb3dca6a,8.9
300,B.Eng2,2BDDE,550cdba6-11ad-4c9e-970b-068248b49bcf,8.6
301,B.Eng1,4EKBS,f1cd1632-c1b7-4320-bee8-a513e5167e75,14.5
302,B.Eng1,4YBIW,f80909fb-920a-41b5-b748-ea9ab5c2b242,14.5
303,B.Eng3,5AXON,7c3531a3-d3cf-4603-a579-be343bd20111,5.6
304,M.Eng1,5BDYU,c556a57c-eee0-46bd-b362-47d4d9a502a9,4.5
305,B.Eng3,2ULJN,e3866a08-9d3f-4f62-8860-9471eed0f06c,15.5
306,M.Eng2,4LODA,2bf17ac7-1952-498d-ba15-c2a2842fa442,7.3
307,B.Eng2,5DSVZ,f2fd8a80-6b57-4951-8dc4-cce12ffb69d0,-1.4
308,B.Eng1,5XXUQ,650ad6a2-ba51-402f-bfca-cd10822af463,17.7
309,B.Eng3,5UPBZ,a9c2965b-2b4a-4da3-ae25-67edb0258e15,10.0
310,B.Eng2,5SRSG,5aa5f6de-4db1-4d65-b73c-3fd33bfcf8c1,8.0
311,B.Eng3,5DLVB,9a722075-76ca-4963-ac93-43617fc164b3,9.9
312,B.Eng2,2JIOH,de249bb5-b2c6-44d5-9943-abc45ee92049,6.9
313,B.Eng1,5NPUG,4845b9c8-0e73-456c-8010-346a75654c44,8.8
314,B.Eng2,3LAXV,b3b48589-8d38-42b6-a6df-84a3adf35b3a,11.7
315,B.Eng3,5RMVR,b403a67c-477e-4ac7-a95c-996a2821ba3a,10.4
316,B.Eng1,5SKRT,bd4b7ad9-3634-4d94-a6bc-0660173687c2,9.4
317,B.Eng1,5UYPC,cde35745-c6ba-4cce-b572-f857a50bfb21,11.7
318,B.Eng2,5ECVK,e5362064-382a-48c0-953d-15215c70f5a1,16.5
319,B.Eng2,3ARAO,9fd04284-6a1e-40bd-baf0-73ec2b75a874,11.0
320,B.Eng3,5PWMY,e579faf2-bebf-4516-adc1-ce77b8777631,8.2
321,B.Eng3,5OEUV,b39a2b95-faa7-4c7e-93e0-975710d9483c,3.6
322,B.Eng3,4LNUX,233412e8-328c-4c48-95e1-6eb7ca422133,9.9
323,B.Eng1,5LMEO,3f1feeab-397a-4136-9736-2bdc42adf1c8,10.7
324,B.Eng1,5XXUQ,72e1e6ba-9286-4c35-8b44-514a1f92ca60,0.2
325,B.Eng2,5ECVK,1f97019d-1b0d-4ef5-a877-afd33da609a4,2.6
326,M.Eng2,2GCWZ,335d1262-bd8a-4f92-9091-0442cf4aac80,4.4
327,M.Eng1,3TMAV,5f60b0d9-ef0e-4b04-8c26-2101f1fa87aa,3.3
328,B.Eng3,5SNOJ,3c5ddd7d-64d2-492f-adb1-8c6e7efbab85,8.8
329,M.Eng1,1ALQN,043c4bb4-1191-4b2b-b9cb-8f6727e0fcd8,11.9
330,B.Eng1,5XXUQ,5f813c39-877d-4bdc-92c7-0845da81f388,13.2
331,B.Eng3,5DLVB,ff0d56c2-be1e-460a-ac19-fddec99c366a,11.9
332,M.Eng2,4HEED,30480f71-d230-45c6-839d-ba66a3cde78a,7.5
333,B.Eng2,4ATOY,cc2b73f7-5b89-4f65-ad8f-559f6be28956,6.4
334,M.Eng1,5YMGB,9329b9a2-dbde-4581-b50c-f680fbae0216,4.9
335,M.Eng2,2IXET,27ae0395-082b-4721-8c32-18d34b2db439,12.4
336,B.Eng3,5UPBZ,667bdd93-5b7c-4f2e-b6ab-d2342c43afe2,21.8
337,M.Eng2,5QREA,5aa5f6de-4db1-4d65-b73c-3fd33bfcf8c1,22.7
338,B.Eng1,4YBIW,d9013910-e6b3-489e-b82d-9a7bd5709998,9.7
339,B.Eng3,2ULJN,03c73294-6500-4490-b0bf-4c250394a695,8.9
340,M.Eng1,5YMGB,51d7a613-eb0e-48ea-bc6e-7843bace5100,10.5
341,B.Eng3,5OEUV,150342ff-348e-44ea-94ea-676c1fdd4cec,14.6
342,B.Eng2,2BDDE,c35d40f6-2f64-4767-b07b-d7334e041314,14.8
343,B.Eng1,5SKRT,51d7a613-eb0e-48ea-bc6e-7843bace5100,4.0
344,M.Eng2,5GLJR,b705cedb-faca-47f5-a262-0ceddd2a40d6,8.1
345,B.Eng1,5FFNY,40d679de-2536-4f03-b544-b6f098e2f8bb,9.3
346,M.Eng2,5DXPR,8f5cdba5-e4b2-43ad-aba6-5cb73e302455,17.5
347,M.Eng2,5KRBI,26bc1ba1-3df7-49f9-ae5f-e0cf03664776,3.2
348,B.Eng2,5MWVM,d0fdd7b0-0114-48ae-8ca2-82e0d22e8267,12.1
349,M.Eng1,5IITC,9619aa43-7e2c-4e91-933e-6327cd247c0d,12.8
350,M.Eng2,5PHYC,752c9350-45ab-4e0f-beac-a9e8a9a9fea1,2.8
351,B.Eng2,5FOAK,a9be32b5-6c0d-4375-96ec-d71fa0603d6c,6.7
352,B.Eng2,5VQVE,b49f0db5-c32c-451c-97ef-fd6d3cbd9743,18.3
353,M.Eng1,4EPKM,b506b82e-a42a-4a29-b4ea-f5e5fa48991c,6.1
354,B.Eng3,5RMVR,33b59dbc-52e1-426d-b282-bd17c62e19ed,12.7
355,B.Eng3,5OEUV,b25b0580-b0b7-4603-8e25-48e79f7b29cd,12.4
356,B.Eng2,5ECVK,25cca2e0-85cc-4546-9064-f2c3d06add18,6.1
357,M.Eng1,5LKWS,9043994c-81f3-4f62-8be6-175757719442,11.5
358,M.Eng1,5MIJJ,5d28e789-fa47-425d-9326-67961e0815e8,15.2
359,B.Eng3,4CLUV,f164db61-fbee-4ff6-b0de-70d43fa43e4b,5.4
360,M.Eng2,3AQBS,8d3fa8ed-5645-43c7-98b6-92c1a7ea04c4,-1.7
361,B.Eng2,4JKJN,f598554f-29a3-4793-977a-420bcb3dca6a,12.4
362,B.Eng3,5UMPK,9a722075-76ca-4963-ac93-43617fc164b3,5.8
363,M.Eng1,4OJKV,d529ae65-f9f2-4ffb-be4b-b6be5d5353bb,-0.3
364,M.Eng2,2GCWZ,1cf4c6ef-6192-4787-b4be-fc4cda616115,16.4
365,B.Eng2,5XFJO,c88b352d-1e79-4134-a0ef-de1b2f99a1d8,9.7
366,B.Eng1,5NPUG,c02b00a0-78d5-4722-a0d2-d2da21cb6e9f,11.7
367,B.Eng1,4EKBS,85460dc1-e590-4f6c-80c0-9b4d225f2020,15.7
368,B.Eng1,5NVBO,4eb9098d-6572-4586-938a-4a2b9f4b3a34,12.3
369,M.Eng2,4HEED,4d3d62c4-bf29-40f5-a540-c6cca8418cc7,7.6
370,M.Eng2,4HEED,6dfce27f-ea7a-4f8f-a972-f7b94835f4e7,4.7
371,M.Eng2,5QREA,802cdb03-0249-4593-b43a-4e7c8b8df591,6.4
372,B.Eng2,3HFIY,3c99402f-2b81-4da8-bdc2-ca04ec03b121,13.0
373,B.Eng1,5XXUQ,1b46e9a9-6de8-4059-bab1-f688668cb4e0,13.1
374,M.Eng1,1ALQN,f34afaf8-ce7d-4404-bcc5-d6decb27a972,4.7
375,M.Eng2,2GCWZ,bff5a158-6047-4ac3-ad28-ca5ef1016645,5.3
376,B.Eng1,5DZZH,6edd48fb-bc5b-45d3-8f4a-5bc74c604711,8.7
377,M.Eng1,5IITC,d8f0c0c7-f9f2-40aa-8a35-efabff1035f1,7.9
378,B.Eng3,4AJLM,0411a287-6b21-4141-98ad-1f2c7d8316c5,4.4
379,B.Eng3,5UPBZ,c278da2d-a078-42bc-8722-5bad8290e267,3.7
380,M.Eng2,5GLJR,e16f9cf7-c664-436e-ad9c-12a3772b27e3,17.0
381,M.Eng2,2CFAH,b3b48589-8d38-42b6-a6df-84a3adf35b3a,8.1
382,M.Eng2,4LODA,36462f1d-2fb8-44b6-aa56-7798709afb5b,17.9
383,B.Eng3,2ULJN,732eb879-509e-442c-8879-dcdd37f6f65d,9.4
384,M.Eng1,4VYMF,5be026be-7098-4d60-9560-fa60a471515a,7.7
385,B.Eng2,5WWSZ,81e790a9-9c90-44bd-b6f3-aec4442e9223,0.9
386,M.Eng2,5GLJR,77c39473-9b32-4389-b40d-31aaf66412c9,14.1
387,B.Eng3,5JGSI,f80909fb-920a-41b5-b748-ea9ab5c2b242,4.1
388,M.Eng1,5MIJJ,04b3dfab-94fe-46f4-9c04-ec040d647fb7,6.3
389,B.Eng3,5UPBZ,d0e7bd8e-207b-4e39-9fb7-bd98b2d380b2,6.2
390,B.Eng1,5NPUG,14492320-f73e-46a0-9c95-4f06e475f947,11.4
391,B.Eng1,5XXUQ,27ae0395-082b-4721-8c32-18d34b2db439,19.4
392,B.Eng2,5WWSZ,5fa6eadc-f0c1-4495-99ba-4b0b1a1ef969,9.0
393,B.Eng1,3YORQ,0fca25da-efd0-4bc1-9771-e7d02235eb2b,8.5
394,B.Eng3,5RMVR,127e5dd5-fef7-47e0-9e95-799d9c65ebc9,6.6
395,B.Eng1,1PPMR,59120325-7d17-4ba9-9bf3-beef3179e83a,11.5
396,B.Eng2,3LTXM,faa13a5d-a72d-4910-82ba-8ef093dd85fe,18.1
397,M.Eng1,4PLUS,5be026be-7098-4d60-9560-fa60a471515a,6.2
398,B.Eng2,5FOTM,83bba1d9-5616-4d88-a9de-777fa353aa69,5.8
399,B.Eng1,5AKYM,cd6b0f48-7984-4787-aad4-4fb20cf6ed20,2.0
400,B.Eng3,4BXUR,956e1f07-536c-4e13-9fc7-eca130c87fb9,17.5
401,M.Eng1,4EPKM,1dd0c16a-bce9-4f49-9b4b-1b012829e538,12.8
402,B.Eng3,5SNOJ,1eeb7137-ccee-4c41-91a8-e7ccd05404ad,8.6
403,M.Eng1,5IITC,096da042-378f-4c67-808d-c1586da02493,12.0
404,B.Eng3,5UMPK,14315814-ca38-4aa6-97c1-ac6b8288e666,12.0
405,B.Eng2,5DNGM,276ee30b-53a8-4477-a4e8-9f434fd00a51,4.5
406,M.Eng1,4PLUS,4148a5d3-50a8-4a0f-af99-18380487e3d7,16.1
407,B.Eng1,1YWFZ,680019d9-6f4b-4333-82c3-341bc164e8f7,1.4
408,B.Eng2,4JKJN,0c73f91b-0fb7-4a61-b520-198777a04f78,4.5
409,B.Eng3,5DLVB,cb351af7-cbca-4341-bc50-5110669ef752,10.1
410,M.Eng2,5GLJR,f7697695-62d4-4669-b268-bc5a5dd1cedc,9.6
411,B.Eng2,4VNXY,20bc8c59-6d7e-4717-9c91-b16cd792d436,19.0
412,M.Eng2,2IXET,11966434-975b-40ea-9316-637934695c71,1.5
413,M.Eng1,5IITC,5e0b0233-9574-4978-b77d-8cd644bd7a7b,7.5
414,M.Eng1,5KVHK,b644a975-4233-4d97-8e51-a21327164cff,15.7
415,B.Eng1,5AKYM,c1ade8fe-3f93-453d-9ca9-c6868d2b65ca,19.2
416,B.Eng1,5NVBO,689b21b5-91b2-4e37-84c3-4856d2a2598f,-0.7
417,B.Eng2,5WWSZ,52f081d5-7ded-426e-a226-fb7a965c660a,9.8
418,M.Eng2,1DASR,0e593084-462c-4341-a005-d9ae260bc067,17.5
419,B.Eng1,5FIQG,98b0e232-9952-485c-9a28-58a0a6da7644,6.3
420,B.Eng3,5EBDK,1ced6392-e559-444f-a662-63e17aa49b7a,14.7
421,B.Eng1,5XXUQ,5fcd4674-b03e-4407-9d99-73601b404854,14.4
422,B.Eng2,5LZWP,f4045c10-004a-442a-9289-1d361bf02b2f,15.4
423,B.Eng1,5NZYN,cae201b8-f452-4203-80b3-bbe785b0ced7,5.9
424,M.Eng1,4PLUS,3a721c41-40c6-4753-a283-491e983ef9fa,9.1
425,B.Eng3,5UMPK,e5a64899-a0c1-4551-9970-dde195f40bce,12.8
426,B.Eng3,4CLUV,7195bfd2-1916-4e7b-b164-9d2a9b2ccefe,15.5
427,B.Eng2,5LZWP,f1784b7f-06c5-4a01-88f3-6625109f3c9c,9.8
428,B.Eng2,3LTXM,9e7ead0c-0946-481d-bad2-0dd370277f7a,6.3
429,B.Eng2,5MWVM,d1230277-81ec-49e2-bdb4-fe3b8223aa1f,4.3
430,B.Eng2,3LTXM,7d4e7320-d0d8-4b0f-b9e7-c4668e4e9623,19.7
431,B.Eng2,5SPUI,7fc519ce-b8ac-4d6f-85dc-312a568ea4b9,15.9
432,B.Eng3,4LNUX,2ad8fb9c-9539-48b4-8536-5e5c66d76d54,4.4
433,B.Eng2,5FCNI,1d00283c-ae80-4008-86a4-060f596d6cd8,5.9
434,M.Eng2,3AQBS,4ae29546-6796-4bb7-9ba7-f459d99c1d36,20.4
435,B.Eng3,5ZZYP,d8f0c0c7-f9f2-40aa-8a35-efabff1035f1,9.9
436,B.Eng2,4VNXY,c1d45124-3343-4ea8-8380-bd92cc2e009e,16.9
437,B.Eng3,5RMVR,862738d2-3686-4a9c-921e-7565e0b50e2b,17.9
438,B.Eng1,5UYPC,ba914a5f-681d-4be8-b2b4-837f410861f4,9.2
439,B.Eng1,5NVBO,be1faa83-1ef4-470e-b812-be4894b7e06b,14.5
440,B.Eng3,4LNUX,429201cb-1b9f-4af3-afb7-49911ee07f7d,15.3
441,B.Eng3,4WQVJ,1da476c0-1066-4331-909e-45798a20a00c,3.5
442,B.Eng1,5FIQG,58da7104-303d-4015-b807-531477277df6,12.6
443,B.Eng3,4LNUX,6edd48fb-bc5b-45d3-8f4a-5bc74c604711,4.5
444,B.Eng2,3ARAO,422d0edd-32b9-44f4-b110-a38ab3eddf74,3.6
445,B.Eng2,5DNGM,fc291e20-e110-43e0-b660-8a16ff678f9f,6.1
446,B.Eng2,5FOTM,0fccf23d-d9e1-413b-aba2-f3e06a4be069,7.2
447,B.Eng1,4EKBS,5b20d954-6af9-4651-a40e-4e9884f24561,12.6
448,B.Eng1,1YWFZ,2d1ea53b-b315-4ff5-ae49-ddf7f0a64e19,7.7
449,B.Eng3,4BXUR,a672a32e-8d14-4fdd-92ce-2ada39739f92,16.4
450,M.Eng2,4HEED,7897ce9b-528f-4022-a2fb-24b506068c89,10.3
451,M.Eng2,5NDXE,7469d85d-97cc-466a-b086-d736248a5a08,21.0
452,B.Eng1,5FFNY,14740338-b201-43a1-a390-a740cc9e780a,7.1
453,B.Eng3,5SNOJ,9d6d9615-9c5d-411e-b815-adda07d77d0a,1.7
454,M.Eng2,5PHYC,bdad38cc-7512-4fc8-bd2d-633486e94d0f,10.8
455,B.Eng2,5GDFC,9041ce68-5ec4-4344-b13b-889c9db2e868,0.3
456,B.Eng3,5JGSI,ddd19ea9-bd8c-4cd9-909e-1078ea7db034,3.1
457,M.Eng1,1ALQN,91f9c1cf-3875-4699-a275-a11942e801b5,10.0
458,B.Eng2,5LZWP,cc05f5f0-b252-4b07-b282-f0108124ba3c,16.9
459,M.Eng2,4HEED,59f12ff1-b36d-4562-b382-3a2fef50aebc,16.9
460,M.Eng1,5BDYU,3555a252-2eca-4ae0-b097-7eceac45e0cd,14.3
461,B.Eng1,5FFNY,e9883a04-224a-4e2b-80c3-2325a57dba3f,9.1
462,M.Eng2,4HEED,04681479-e655-4431-8ea7-8793523bfa2c,9.0
463,B.Eng3,2ULJN,9e2dbd25-c159-4aab-bedc-14218dba5f59,6.2
464,B.Eng3,5UMPK,3a37ac35-8ae5-4d41-8488-1bf85d6c18bf,9.6
465,B.Eng2,4VNXY,b5fd11ac-ad3d-4e97-bff9-ea3b970a5b99,10.4
466,B.Eng3,2ULJN,0703670a-32da-4ef2-87d8-9a9c7fb1968e,7.9
467,B.Eng1,4ALAM,c56084de-c01b-4a63-b550-635295706849,12.7
468,B.Eng3,5OEUV,5eb7357e-799b-494e-8a9f-8a3d17f93256,13.5
469,B.Eng1,3YORQ,970caf01-f6a0-48bd-b323-43cb32306156,7.4
470,B.Eng3,4AJLM,5ac729d2-60a4-422c-b9a3-74e0a075b8b4,3.2
471,B.Eng1,4EKBS,01f2c1cc-ec90-4532-8962-ff043423a9df,13.2
472,B.Eng2,4VNXY,1ced6392-e559-444f-a662-63e17aa49b7a,12.7
473,B.Eng2,5DSVZ,28088e94-784e-4b9f-bc54-e331339368dc,17.8
474,B.Eng1,5NZYN,a55a35de-3d39-4802-a412-125b2738a588,6.0
475,B.Eng1,1PPMR,0e593084-462c-4341-a005-d9ae260bc067,15.1
476,B.Eng2,5SRSG,a36a4fbc-2794-4ee7-909d-683c1f25a488,2.1
477,M.Eng2,4JSHO,296937e6-e33a-40fa-86a5-133f1eb6408a,16.5
478,B.Eng2,5XFJO,eccd9917-9dfa-4c05-b37a-19e28a5f9b60,3.3
479,B.Eng1,5NPUG,9f41bf7f-9bfa-47e0-a9b6-78faac91c880,9.6
480,B.Eng2,4RNAO,868a8f5d-fe53-4463-a942-0d809e12382f,14.3
481,B.Eng2,5XRVS,6aeaead5-c0d6-4c1c-8f55-381eac5a6c77,16.3
482,M.Eng2,5GLJR,c52b6a28-bcaa-4235-915e-41364e280608,4.5
483,B.Eng2,5VQVE,9c749e31-d90d-4ff5-b194-100b9c5a0d53,8.4
484,B.Eng1,1PPMR,d7efd813-c0a7-40e6-bc92-4cb1b48bbfd7,9.4
485,B.Eng1,5XXUQ,59e9dfa5-2cab-4d28-99f5-92e382c55f36,6.2
486,B.Eng3,4WQVJ,57af6211-01fc-40cd-9383-057f6d69c8d3,7.3
487,B.Eng1,5DZZH,9e7ead0c-0946-481d-bad2-0dd370277f7a,11.6
488,M.Eng1,5LKWS,ea6cbe85-b270-4049-8f44-9b3fdbd327c6,13.8
489,B.Eng3,5UPBZ,db60f758-66b7-47e8-b127-d94e0019a1c7,7.5
490,M.Eng1,4EPKM,422d0edd-32b9-44f4-b110-a38ab3eddf74,7.6
491,B.Eng2,4RNAO,2bf17ac7-1952-498d-ba15-c2a2842fa442,2.8
492,B.Eng1,5NZYN,9b9ff610-46ed-48a8-97a6-47f694100f8b,14.4
493,B.Eng1,5FIQG,1aa46ec3-9baa-4918-837a-1a2f593cf89f,15.2
494,B.Eng2,4ATOY,dec7c6d3-dad0-4439-9496-dd3c5d4c863b,6.9
495,B.Eng2,5XFJO,68512839-44ae-4e13-b6c1-38c72e2c9920,6.2
496,M.Eng2,2GCWZ,fb7e899b-0f50-4dc4-b99c-466c12c26a2c,7.5
497,M.Eng2,1DASR,db9ffeb4-0691-4c20-9915-06f65f0e2c50,14.3
498,M.Eng1,4PLUS,273b35ec-785e-4e48-bdf5-9063134b63f7,5.2
499,B.Eng3,4AJLM,c1ade8fe-3f93-453d-9ca9-c6868d2b65ca,2.8
500,B.Eng2,4ATOY,960e8cd8-d002-49ef-9023-700673ec171f,12.6
501,M.Eng2,4JSHO,5b20d954-6af9-4651-a40e-4e9884f24561,5.5
502,B.Eng2,3HFIY,150342ff-348e-44ea-94ea-676c1fdd4cec,10.1
503,M.Eng2,5DXPR,bc2b0679-50d6-41ad-a37e-ede60346439c,18.3
504,B.Eng1,5FIQG,8b25ec20-f30c-4860-b557-1abf470b670b,6.1
505,B.Eng3,4AJLM,4845b9c8-0e73-456c-8010-346a75654c44,4.2
506,B.Eng3,5PWMY,fecf3be2-e206-43ac-8e19-e7a6634ec97d,11.2
507,B.Eng1,5NPUG,74258e6b-0852-40d0-a67d-c8189866a3fb,8.9
508,B.Eng3,4WQVJ,386f4941-88b8-45e8-aeb2-aa87884ce5b0,6.6
509,B.Eng2,5MWVM,586a7a2a-2c7f-41d9-9c83-7d9f7f042815,6.8
510,M.Eng1,1ALQN,cb0f1273-7816-4ad9-b54f-617dbcaea791,12.9
511,B.Eng2,5FOAK,d75d1b4a-f462-4b3d-8d8d-f7e8e7234fa4,3.2
512,B.Eng3,4LNUX,18408d25-1d56-417b-ba01-1411fca695be,4.0
513,M.Eng2,5KRBI,c266e6eb-38f8-429f-92a1-085eaf0e3a5b,6.0
514,B.Eng3,4AJLM,d93794d5-a029-49ba-8e78-1d0208482e5e,9.9
515,B.Eng2,4JKJN,d47ea920-ed13-4ac2-bd5b-6296eb627f1b,8.1
516,B.Eng1,5AKYM,dd08585d-a252-4828-97f6-3ec83d020212,14.4
517,B.Eng3,5EBDK,78f5d9fc-ba01-4290-9451-ab3d7df496ad,10.9
518,B.Eng2,5DSVZ,ec34b0aa-50df-4ac0-8075-bfe9ad4f07a8,8.6
519,M.Eng2,5DXPR,8755dffc-8c87-45e1-ab63-d012d6643457,18.0
520,B.Eng3,5JUUF,d7175b80-a4d8-485a-ae53-11cf53e054be,2.6
521,B.Eng2,3HFIY,cb0f1273-7816-4ad9-b54f-617dbcaea791,-5.3
522,B.Eng2,5VQVE,88678268-fab1-4099-8c66-2a011d696174,19.4
523,B.Eng2,3IYIO,ef4e7ec5-b282-4b6b-90a7-04a02ef1360d,14.5
524,M.Eng1,5YMGB,04f0257c-9a6a-4e61-a8f7-12dd27a22c5d,2.5
525,M.Eng1,5MXYX,f0daedfb-0cf4-43f6-a5f4-5d1e5a66de2f,5.6
526,M.Eng2,3AQBS,2e1948a7-ab08-4339-a3ea-1d960367b3e4,6.7
527,B.Eng1,5LMEO,c1b14d41-1187-475c-b6a0-9788be0100f3,8.2
528,M.Eng2,5QREA,0e593084-462c-4341-a005-d9ae260bc067,10.7
529,M.Eng2,5NDXE,4c98236f-3414-4761-843d-8fa96aeb7197,10.4
530,B.Eng3,5JGAZ,baba43cb-f41e-479c-88ad-5341924933a2,6.7
531,M.Eng2,2CFAH,7c3531a3-d3cf-4603-a579-be343bd20111,18.8
532,B.Eng2,5MWVM,d1325f2d-31b2-45f2-81e2-1d715e1d7719,13.2
533,M.Eng1,1ALQN,03dccd50-cabf-4387-9560-6c2f3f9c246b,11.1
534,M.Eng1,4PLUS,2d1ea53b-b315-4ff5-ae49-ddf7f0a64e19,8.0
535,B.Eng2,5DNGM,870d998c-f85d-4511-8926-a8bb38461e5c,10.2
536,B.Eng1,3YORQ,b7085b7c-c9bb-41b9-93d3-60d47f9356c4,7.1
537,B.Eng1,5LMEO,eeef1d65-d66c-4f7e-8a77-72c2b7715d01,14.4
538,M.Eng1,4VYMF,74027a4b-177a-4662-99ed-8a10fba24b15,8.5
539,B.Eng3,5PWMY,5ac729d2-60a4-422c-b9a3-74e0a075b8b4,4.1
540,M.Eng1,4VYMF,490bdd5d-c5bd-4285-8add-d840d0fe7725,7.9
541,B.Eng1,1YWFZ,9043994c-81f3-4f62-8be6-175757719442,12.1
542,M.Eng1,5MXYX,4545ec4c-ef85-4f4c-bf69-da6e9886b478,22.0
543,B.Eng3,5AXON,5f813c39-877d-4bdc-92c7-0845da81f388,2.3
544,B.Eng2,5MWVM,2365e145-ce59-46d9-bba2-76db99eb068c,16.6
545,M.Eng2,5GLJR,79909882-afb3-4a0d-80ea-8e26757fe250,15.0
546,M.Eng1,5IITC,320db2ed-bc25-46db-9e69-44b562e7e65d,5.8
547,B.Eng2,3ARAO,d92a96a2-e6f2-418c-8813-87711adb61de,3.9
548,B.Eng3,5JUUF,def90527-14bd-4631-90f7-5b339dd43448,7.5
549,B.Eng2,5FOTM,0e0f3172-d04e-4c18-82de-2b49c7c05fed,7.1
550,B.Eng2,5SPUI,691a1f93-d7c5-4049-9e74-2f858639f8d7,6.5
551,B.Eng3,5RMVR,d7bc7709-a8f1-4bb7-90b6-767d0c1e9fa4,5.5
552,B.Eng2,3HFIY,57b35616-a069-4f86-b40f-6f8fe5c31015,4.1
553,M.Eng1,5KVHK,5034cf50-e5e6-47c9-8c0b-f473c3437d10,2.7
554,M.Eng2,4HEED,79e30a2e-c06a-4fed-9a26-e4775cc012d5,4.1
555,B.Eng2,5GDFC,1fa6ad7f-13ef-4790-bfb7-bd1e663db325,2.6
556,B.Eng2,4QYJH,88b75344-7d6c-4a1f-8712-90284b6c53ac,8.9
557,B.Eng3,5UMPK,4ac6aad6-c6a2-44c4-9055-92e6cf04c3e2,8.7
558,B.Eng3,5SNOJ,63e4e904-6b6f-4b36-8f04-9ece8750d6f3,13.4
559,B.Eng2,5ECVK,fee76825-b09b-4776-a16c-d3d1cf269a48,8.7
560,B.Eng1,1YWFZ,15b1d76f-f9f5-4aa0-b2a2-498f5faa5c75,2.8
561,M.Eng2,1DASR,371b49c5-c767-4b00-8e3b-68875c947e82,13.2
562,B.Eng2,5GDFC,de249bb5-b2c6-44d5-9943-abc45ee92049,4.2
563,B.Eng2,5MWVM,ffcf8c6c-bb6c-4424-8f31-cf77d94491c3,17.6
564,B.Eng3,5PWMY,f827e430-d021-417f-9063-a4c385f2ab0b,21.0
565,B.Eng2,5VQVE,12d37696-9a9d-4230-971b-5a5c3d9f145c,12.9
566,B.Eng3,5UPBZ,91ebb98a-970b-4ee7-8413-5328353221c4,3.4
567,B.Eng2,3LTXM,15ad24b3-a750-40bc-93a9-7182a03ef6f5,15.9
568,M.Eng1,3TMAV,0fe35f23-cb8b-4d27-962d-17d27ab10461,6.5
569,B.Eng2,5OKFT,f2fd8a80-6b57-4951-8dc4-cce12ffb69d0,2.6
570,M.Eng2,5DXPR,8fbcf4a7-b79f-4bd9-8dc6-f66400c322e4,8.2
571,B.Eng3,4AJLM,68512839-44ae-4e13-b6c1-38c72e2c9920,10.7
572,B.Eng3,5UMPK,2a0724ed-567d-42f2-a8f3-d500078c9d6b,10.5
573,M.Eng1,5YMGB,db459d1c-e832-4a51-bd03-f7974d8a309a,20.7
574,M.Eng1,4OJKV,0b9ccd8e-65a1-4414-ab26-52675b3b7174,10.3
575,M.Eng1,4PLUS,88b75344-7d6c-4a1f-8712-90284b6c53ac,10.1
576,B.Eng1,4YBIW,e81919f3-fab7-432a-befb-5c9a67e27b43,9.6
577,B.Eng1,5AKYM,52cb19db-41c6-43f2-b299-eefaf10f1135,10.2
578,M.Eng1,4PLUS,4a8089a3-a9ed-4cb1-9a5f-cc0599ce04f7,13.9
579,M.Eng1,5XXHJ,03efe47f-3bc7-4ed1-9cf5-5395387b40fd,6.5
580,M.Eng2,4LSRE,08564ecf-fe67-4318-8f14-b084a0385fb9,12.7
581,M.Eng1,5LKWS,25c671fe-06d8-4a78-9039-7fc892f10257,12.1
582,M.Eng2,2GCWZ,9b096b5c-e194-4469-bfc4-957f6d907460,11.6
583,B.Eng1,5NPUG,2f6dec4f-eedd-4318-9ca8-cfedca296f30,3.6
584,B.Eng2,5FOTM,960e8cd8-d002-49ef-9023-700673ec171f,6.4
585,B.Eng2,3LAXV,5e9c6cfe-a2ec-4f47-acc1-ff7bba198d24,2.6
586,B.Eng1,1YWFZ,b3b48589-8d38-42b6-a6df-84a3adf35b3a,11.8
587,M.Eng2,2IXET,5c240b02-a504-4327-b17f-07b17c679ea8,9.4
588,M.Eng2,4TTHS,ff44e023-fee6-409a-bcda-15b215a372f5,17.7
589,B.Eng2,3HFIY,f230bfff-83e2-41cd-8d9d-11fa179e2ab3,10.2
590,B.Eng2,5SPUI,4605faa5-1f3c-4341-bcd9-e003e99d19df,13.6
591,B.Eng3,5JGSI,37485747-0f0a-4931-a864-3b53cdcfc532,19.2
592,B.Eng1,5NZYN,a55a35de-3d39-4802-a412-125b2738a588,0.9
593,M.Eng2,5QREA,9b53ba7a-ce06-4d0c-bbbe-7e5d58b394b5,-0.4
594,B.Eng1,4YBIW,71f34a35-f218-43cc-9c06-9aece575fe28,5.1
595,B.Eng2,5FOTM,52cb19db-41c6-43f2-b299-eefaf10f1135,10.8
596,M.Eng1,5IITC,2ecd52e2-e85c-4691-ac48-5f7a5bc0f3b9,1.8
597,B.Eng3,5EBDK,6d1cdedb-0a03-4b7b-9279-5e6bfea77a3f,11.7
598,B.Eng3,5JGAZ,1cb9effa-7593-4565-bc25-33863c22d419,9.8
599,B.Eng2,3ARAO,0f423be6-b1d5-4d83-b6b4-30297f2ecd63,2.0
600,M.Eng2,3AQBS,867a82af-37ca-436a-8d7a-9f40ece680ea,13.9
601,B.Eng1,1YWFZ,07314c6d-5eec-40a1-9582-ecf6ff56c7ca,8.6
602,B.Eng2,4ATOY,04681479-e655-4431-8ea7-8793523bfa2c,16.1
603,M.Eng1,4VYMF,464a740f-d973-42c0-9630-5e6bcbedde59,12.1
604,B.Eng1,3YORQ,eaf7c521-74b7-40ed-9066-d208eb4086ee,5.1
605,B.Eng2,5FOTM,c6b9f8e2-cfed-4dca-955f-e3c124318c02,4.9
606,M.Eng2,4LODA,d7299503-5286-4c2f-97a5-c16bf3dd9238,5.8
607,M.Eng2,2CFAH,d9013910-e6b3-489e-b82d-9a7bd5709998,5.2
608,B.Eng1,5NVBO,320db2ed-bc25-46db-9e69-44b562e7e65d,13.1
609,B.Eng2,2JIOH,970caf01-f6a0-48bd-b323-43cb32306156,5.5
610,M.Eng2,5NDXE,d142421e-dafe-4ed4-93ec-f96aaef69e9f,-2.1
611,M.Eng1,1ALQN,4d3e9983-213c-4369-a754-bafe4a81e8ac,1.2
612,M.Eng1,3TMAV,8b77cbc4-d401-498d-843f-f30e1c63a940,13.2
613,M.Eng1,5XXHJ,9d1f04f2-016f-42ee-81e4-e975f40958c3,11.1
614,M.Eng1,5IITC,6938006f-26ee-41e0-b87a-1e45b03196cf,13.6
615,B.Eng3,5DLVB,d47ea920-ed13-4ac2-bd5b-6296eb627f1b,13.3
616,B.Eng2,3LAXV,78f5d9fc-ba01-4290-9451-ab3d7df496ad,11.5
617,B.Eng2,4RNAO,77168955-f0b5-4c34-8c8b-d10361f773ba,12.1
618,B.Eng2,5SPUI,211598aa-7adb-416c-8b33-f5ae3d0df565,21.1
619,B.Eng1,5NVBO,e85612dd-3f6b-406f-8b63-a31b15dafc16,5.0
620,M.Eng2,4LSRE,970caf01-f6a0-48bd-b323-43cb32306156,10.9
621,B.Eng3,5PWMY,b644a975-4233-4d97-8e51-a21327164cff,10.0
622,B.Eng3,4AJLM,b5b8409c-b234-406a-aeba-8508fd0495b1,1.1
623,B.Eng2,5ECVK,635f0fbf-fa96-4ace-8265-94557b86867c,8.8
624,M.Eng1,4ZOXR,1f97019d-1b0d-4ef5-a877-afd33da609a4,11.1
625,M.Eng2,4TTHS,708887ba-703f-4b8d-8ec8-5ed23f41c081,10.2
626,B.Eng2,5SRSG,12d37696-9a9d-4230-971b-5a5c3d9f145c,21.3
627,M.Eng2,5AYKU,92d96396-d202-4c7a-af39-08d846871e59,11.2
628,M.Eng2,4TTHS,bdb0bda4-1e6a-4865-8992-b290d482a4c0,10.3
629,B.Eng3,5UPBZ,14740338-b201-43a1-a390-a740cc9e780a,1.5
630,B.Eng3,4CLUV,d07b015a-3023-49b9-a4e5-178dd4a960f2,12.7
631,B.Eng2,3LAXV,b4758443-cad5-490f-ac71-c93c79a7b85a,15.2
632,B.Eng2,5OKFT,b77d0c5b-f73a-41b7-a1b4-76b7a39418da,12.0
633,B.Eng2,5MWVM,f34afaf8-ce7d-4404-bcc5-d6decb27a972,17.8
634,M.Eng2,5QREA,ab64b219-4969-47e3-a335-6ed599de2a8a,10.5
635,B.Eng2,3IYIO,8a17094b-fca5-4bd5-af8f-3385e0ee6d4a,19.9
636,B.Eng2,3IYIO,8d3fa8ed-5645-43c7-98b6-92c1a7ea04c4,18.7
637,M.Eng1,5KVHK,d7efd813-c0a7-40e6-bc92-4cb1b48bbfd7,6.7
638,B.Eng2,4ATOY,f78d6b97-e92f-4d22-8d23-ecf88910966f,6.4
639,B.Eng2,5SRSG,b48db797-1d7f-4eb3-8130-4842b5ae321d,5.7
640,B.Eng2,2BDDE,c278da2d-a078-42bc-8722-5bad8290e267,10.5
641,M.Eng2,2CFAH,df51eb2f-931e-4bd3-a1a3-a09098993faa,14.2
642,B.Eng2,3HFIY,9f7ecbfd-4045-4a95-b0a0-dae604df839b,11.4
643,M.Eng2,3AQBS,4d6174c3-3235-4361-af17-24ccb12424f3,6.9
644,B.Eng1,5XYKX,6edd48fb-bc5b-45d3-8f4a-5bc74c604711,8.6
645,M.Eng2,5AYKU,1af83e5b-bf82-4db8-ba1c-c7191a8e9d3c,11.8
646,B.Eng1,5XXUQ,7e96ad7a-12b5-4139-a169-59c89d2be4f4,17.5
647,M.Eng1,1ALQN,5bba7890-6dcb-477f-af05-b8d749364a0d,6.3
648,B.Eng1,5DZZH,4bfdd8da-97f4-449c-8d5e-85cd80330680,9.9
649,M.Eng1,5XXHJ,68512839-44ae-4e13-b6c1-38c72e2c9920,15.9
650,M.Eng1,5LKWS,4dff4028-3be7-4b1b-ae72-8495ea9830c0,9.5
651,B.Eng2,5OKFT,e63946bf-bb50-4a8b-80ed-90885b8b5728,10.2
652,B.Eng2,5FCNI,d7175b80-a4d8-485a-ae53-11cf53e054be,4.9
653,M.Eng1,4VYMF,7c4d26be-7e57-4642-a9a1-ed9d5be59dc2,12.0
654,B.Eng2,3HFIY,baba43cb-f41e-479c-88ad-5341924933a2,6.7
655,B.Eng1,1PPMR,5c34c4f5-5b2c-46f6-9143-ed5e03aaae84,10.1
656,B.Eng3,5JGAZ,325efc36-b92b-4707-b44a-d034a91f5297,9.9
657,B.Eng2,3ARAO,4ac53896-163b-4ec3-b8bd-e297928ad380,15.1
658,B.Eng2,5SPUI,f4045c10-004a-442a-9289-1d361bf02b2f,15.6
659,B.Eng1,5SKRT,4a8089a3-a9ed-4cb1-9a5f-cc0599ce04f7,8.4
660,M.Eng2,5QREA,8232a849-0e01-4255-8033-eae0e64cfd07,10.2
661,B.Eng2,3ARAO,a85e7cc5-3436-41fe-a8f3-4a1d637cd589,12.9
662,M.Eng1,5WBGG,386f4941-88b8-45e8-aeb2-aa87884ce5b0,5.8
663,M.Eng2,4TTHS,04f0257c-9a6a-4e61-a8f7-12dd27a22c5d,14.9
664,M.Eng2,5GLJR,8cc5b4da-db35-4a8b-900c-38d14e89ee21,6.7
665,B.Eng3,5OEUV,23c9e8b7-93bc-42de-b884-1c7dadcbee4f,3.1
666,B.Eng1,5FFNY,48b43ed8-5088-4366-8580-6dbbefa5740d,11.0
667,B.Eng3,5JUUF,59dd97a9-6c76-4487-bf53-f65082be91f8,16.3
668,M.Eng1,5IITC,150d3744-4b13-416f-9b68-9654ca5f153a,22.5
669,B.Eng2,5MWVM,c266e6eb-38f8-429f-92a1-085eaf0e3a5b,9.0
670,B.Eng3,5OEUV,dd08585d-a252-4828-97f6-3ec83d020212,10.6
671,B.Eng2,5MWVM,88678268-fab1-4099-8c66-2a011d696174,2.5
672,B.Eng1,5DZZH,320db2ed-bc25-46db-9e69-44b562e7e65d,9.7
673,M.Eng1,4VYMF,1771d592-3585-4f2c-8aad-63e05057a545,17.4
674,B.Eng2,5GDFC,b2a4b47d-ab92-4348-86ba-45087acc3523,9.5
675,M.Eng1,5WBGG,04295a17-99f1-4148-8c25-d9a78edbde3a,5.0
676,B.Eng2,5ECVK,9c22b6aa-b810-4c02-9104-e2dae0fa651b,7.8
677,M.Eng2,4LSRE,de249bb5-b2c6-44d5-9943-abc45ee92049,6.8
678,B.Eng1,4MLIR,4d6174c3-3235-4361-af17-24ccb12424f3,15.9
679,M.Eng1,4ZOXR,3fcc99e8-85b4-46be-9fa5-bf7a884068dd,7.5
680,B.Eng1,1PPMR,3ceb2184-53c7-412b-9e25-c9794dd95e94,6.2
681,M.Eng2,3AQBS,b5c534a9-b33a-4840-ad03-9bfc5a7bdae5,18.5
682,B.Eng3,5DLVB,096da042-378f-4c67-808d-c1586da02493,2.5
683,M.Eng1,1ALQN,ff0d56c2-be1e-460a-ac19-fddec99c366a,6.7
684,B.Eng1,5NPUG,b8375409-fec9-4427-a3ce-f609080d1cfd,5.7
685,B.Eng2,3LTXM,1c8185aa-1b4b-4b02-a59e-bfc604ff5ce1,7.8
686,B.Eng2,4RNAO,50fb6b72-3a73-4144-9698-8b471039fd3c,9.5
687,B.Eng3,5DLVB,691a1f93-d7c5-4049-9e74-2f858639f8d7,10.5
688,B.Eng1,5UYPC,cb351af7-cbca-4341-bc50-5110669ef752,11.0
689,B.Eng1,5FIQG,cb992a29-69a3-4aff-84bb-6b5076b52660,12.6
690,M.Eng2,5GLJR,0c0c8abe-bf91-42c5-83b0-45b5a30f8bcd,19.4
691,M.Eng2,5GLJR,7abe29dd-a439-469c-bfa7-41e36cc4c666,9.0
692,B.Eng1,4ALAM,fb0a472a-9910-4ae0-bf67-e703664a08b2,9.8
693,B.Eng1,4YBIW,3a0f194b-7c55-4011-a4ec-d1457b8ca9a8,11.5
694,B.Eng1,5NVBO,f3d6c2e3-2e34-4d40-8375-f520b7ae525a,8.7
695,B.Eng3,5UPBZ,52f081d5-7ded-426e-a226-fb7a965c660a,3.9
696,B.Eng1,5SKRT,c52b6a28-bcaa-4235-915e-41364e280608,11.3
697,M.Eng2,2CFAH,1c65ab5b-4efd-4838-9a3e-000b5ce8a614,13.1
698,M.Eng2,5GLJR,f147fe13-f9a2-474d-948e-af432b76e27c,8.7
699,M.Eng2,2CFAH,d75d1b4a-f462-4b3d-8d8d-f7e8e7234fa4,7.1
700,M.Eng2,4HEED,19a962aa-9774-4d09-ae79-f0ca76dc672b,9.3
701,B.Eng2,5ECVK,691a1f93-d7c5-4049-9e74-2f858639f8d7,0.8
702,B.Eng3,5PWMY,5e9c6cfe-a2ec-4f47-acc1-ff7bba198d24,0.1
703,B.Eng1,5SKRT,65ae1a8f-aaf2-476b-b6f6-489873897c54,7.3
704,M.Eng1,4PLUS,2db36eb0-1a67-4c36-a4e5-e30f5a3cf3be,11.2
705,B.Eng3,4WQVJ,c556a57c-eee0-46bd-b362-47d4d9a502a9,7.6
706,B.Eng2,5DSVZ,1423acf9-2a23-4d75-98f0-300fb082ee07,7.7
707,B.Eng1,5UYPC,660eca00-bc6f-4349-afb2-6226756bd012,6.4
708,M.Eng1,5XXHJ,87046748-8aad-49a5-a6c5-2b3d957382f5,5.4
709,B.Eng2,5GDFC,aa1d228e-c522-4909-83e0-08197c56070b,12.6
710,B.Eng2,3HFIY,b15e9bd4-973a-47a7-8e90-140e1a0cb4a3,6.5
711,M.Eng1,4ZOXR,650ad6a2-ba51-402f-bfca-cd10822af463,7.4
712,B.Eng1,1YWFZ,baba43cb-f41e-479c-88ad-5341924933a2,8.5
713,B.Eng2,4QYJH,ddd19ea9-bd8c-4cd9-909e-1078ea7db034,27.8
714,M.Eng1,5IITC,cc2b73f7-5b89-4f65-ad8f-559f6be28956,16.5
715,B.Eng2,3IYIO,57f47657-5f20-4af3-b6a0-59acfea71ee7,5.3
716,B.Eng1,5XYKX,b39a2b95-faa7-4c7e-93e0-975710d9483c,12.3
717,B.Eng2,5OKFT,4ae29546-6796-4bb7-9ba7-f459d99c1d36,11.6
718,B.Eng2,5XFJO,868a8f5d-fe53-4463-a942-0d809e12382f,4.2
719,M.Eng1,4EPKM,bdb0bda4-1e6a-4865-8992-b290d482a4c0,16.6
720,M.Eng2,5PHYC,d7299503-5286-4c2f-97a5-c16bf3dd9238,7.9
721,B.Eng1,3YORQ,990967ed-a147-4810-90e1-ccda07fb3f31,14.6
722,B.Eng3,5JUUF,e48f568b-e307-47ca-b95a-4f8d9bc7fa2d,9.1
723,B.Eng1,4YBIW,08564ecf-fe67-4318-8f14-b084a0385fb9,-2.7
724,B.Eng2,4VNXY,3b0e1c6d-ad12-40f3-aada-d8eaef35bd0a,11.2
725,M.Eng2,3AQBS,effbe5e5-5edb-44e6-95b0-f4c7029870c2,5.6
726,B.Eng2,5WWSZ,345c271d-52c4-434a-b161-c6fba50f53d7,11.3
727,B.Eng2,4VNXY,1d00283c-ae80-4008-86a4-060f596d6cd8,10.8
728,B.Eng3,5SNOJ,a03efc7f-4e93-465e-b198-cebc7f0661e1,7.0
729,M.Eng1,5LKWS,e9c427ff-a31a-4011-99eb-8ced59c95df0,8.6
730,M.Eng2,5PHYC,6dfce27f-ea7a-4f8f-a972-f7b94835f4e7,10.8
731,B.Eng2,2JIOH,4cc42680-06a8-425f-86d2-565fa8c0bb99,8.9
732,M.Eng2,5DXPR,61bc0588-cab8-41f4-81f1-86b5d05cb913,2.9
733,B.Eng2,5VQVE,e5a49e1e-a07a-443a-a2e5-b9c4e94d7381,11.4
734,B.Eng1,5NPUG,baba43cb-f41e-479c-88ad-5341924933a2,12.3
735,B.Eng3,4BXUR,3dcf7c3e-e2d9-4500-9597-d6d88cd86578,14.2
736,M.Eng2,4LODA,ff88ded8-b581-4957-bbff-f8ec755dd309,7.3
737,M.Eng1,5IITC,dd7b2c5e-0228-4b18-aeac-90e32065dab7,16.5
738,B.Eng2,3LAXV,0fd43cea-dab0-4069-895b-9389659aa012,6.2
739,B.Eng2,2BDDE,4ac6aad6-c6a2-44c4-9055-92e6cf04c3e2,10.1
740,B.Eng2,4RNAO,3a0f194b-7c55-4011-a4ec-d1457b8ca9a8,3.9
741,B.Eng2,5SPUI,7862900d-d9b4-4afe-8a22-696f3018439e,11.6
742,M.Eng2,1DASR,59f12ff1-b36d-4562-b382-3a2fef50aebc,6.4
743,B.Eng3,5OEUV,79679fee-9644-4e82-9f7a-22807f66f1de,9.1
744,M.Eng2,5GLJR,b5b8409c-b234-406a-aeba-8508fd0495b1,15.7
745,M.Eng2,5AYKU,59f12ff1-b36d-4562-b382-3a2fef50aebc,12.0
746,B.Eng2,4RNAO,71f34a35-f218-43cc-9c06-9aece575fe28,6.1
747,B.Eng3,5OEUV,97954e26-f803-4473-bb31-9f1c1e655df8,16.8
748,M.Eng2,4TTHS,3cfa69cc-77b1-4d06-a39b-e3bb97d388a3,8.3
749,M.Eng1,1ALQN,aca87ebd-aa95-4ff0-aa15-00fc46591d4e,12.4
750,M.Eng2,4TTHS,a68a2b9c-301e-4bac-960b-c49488ee1082,5.5
751,B.Eng3,4CLUV,b705cedb-faca-47f5-a262-0ceddd2a40d6,6.6
752,B.Eng1,5XYKX,9e641279-3099-4d29-b1f3-3bb021e847a8,14.8
753,B.Eng2,5GDFC,544b1ad8-9b89-420b-9db6-b18c6e93ce12,3.9
754,B.Eng1,1YWFZ,4d6174c3-3235-4361-af17-24ccb12424f3,11.1
755,B.Eng2,3LTXM,f48a3497-2719-4246-9990-692902fde00b,2.7
756,M.Eng2,4TTHS,335d1262-bd8a-4f92-9091-0442cf4aac80,7.7
757,M.Eng1,5XXHJ,5fcd4674-b03e-4407-9d99-73601b404854,13.8
758,B.Eng1,4EKBS,49050bc1-e547-4aa1-9480-6593741a5c60,9.5
759,M.Eng1,4EPKM,be1faa83-1ef4-470e-b812-be4894b7e06b,8.6
760,M.Eng1,4EPKM,150342ff-348e-44ea-94ea-676c1fdd4cec,8.8
761,B.Eng3,2ULJN,5034cf50-e5e6-47c9-8c0b-f473c3437d10,16.4
762,M.Eng1,5KVHK,ab64b219-4969-47e3-a335-6ed599de2a8a,10.6
763,B.Eng3,5OEUV,249d84a9-7783-4178-a48d-1ea631eb7012,13.5
764,B.Eng3,4AJLM,d1325f2d-31b2-45f2-81e2-1d715e1d7719,11.1
765,B.Eng3,5OEUV,6aeaead5-c0d6-4c1c-8f55-381eac5a6c77,7.9
766,B.Eng2,5XRVS,13233451-260a-4f13-87ff-23467ff6d5af,7.9
767,B.Eng2,4ATOY,519f32d2-5ff4-4661-9a5b-944680072922,6.4
768,B.Eng3,5JGSI,abff260c-e2ac-4267-abb2-c8593d99c7de,13.8
769,B.Eng2,3HFIY,1c8185aa-1b4b-4b02-a59e-bfc604ff5ce1,9.2
770,M.Eng1,5BDYU,4d3e9983-213c-4369-a754-bafe4a81e8ac,14.8
771,B.Eng3,5PWMY,938f40b8-6ef8-4099-a266-7532e80404c2,13.8
772,M.Eng1,5MIJJ,287647da-8bc5-4522-a053-8d1e8ece6860,9.9
773,B.Eng3,4CLUV,8ed801d8-01b3-4d5d-b169-bda482612ab0,8.6
774,B.Eng2,4RNAO,5fa6eadc-f0c1-4495-99ba-4b0b1a1ef969,1.2
775,B.Eng2,5XRVS,b25b0580-b0b7-4603-8e25-48e79f7b29cd,3.7
776,B.Eng3,5EBDK,db9ffeb4-0691-4c20-9915-06f65f0e2c50,7.2
777,B.Eng3,5JUUF,7b11b69d-017c-448a-a7a1-b1c6b258617c,15.7
778,M.Eng2,5DXPR,04b3dfab-94fe-46f4-9c04-ec040d647fb7,15.4
779,B.Eng2,5OKFT,e63946bf-bb50-4a8b-80ed-90885b8b5728,10.1
780,B.Eng1,5AKYM,1b04492c-b154-49fe-b757-6bc17159d60b,14.5
781,B.Eng2,3LAXV,372407f5-9579-4729-9dca-11b72954a6c1,16.8
782,B.Eng2,5ECVK,a02816e9-e601-42d8-80ab-ad06f428c4b7,6.7
783,B.Eng2,5XRVS,150342ff-348e-44ea-94ea-676c1fdd4cec,12.6
784,B.Eng2,5DSVZ,2eeb50f9-3cf6-46e0-a510-27bc3946d1b4,8.5
785,B.Eng1,5LMEO,14143d42-94a0-4d2f-91c9-3ab1a6f02227,10.6
786,M.Eng1,1ALQN,5bf0d018-f6ad-418c-9569-bde00016e772,11.3
787,B.Eng2,3LTXM,58b42b09-c02a-44fa-98c9-15f3a86fd15c,7.5
788,B.Eng1,4MLIR,3a0f194b-7c55-4011-a4ec-d1457b8ca9a8,13.2
789,B.Eng1,3YORQ,550cdba6-11ad-4c9e-970b-068248b49bcf,8.9
790,B.Eng1,4EKBS,21c7f3ff-0849-46c2-99ef-cd154a90e675,11.9
791,B.Eng3,4LNUX,faa51351-9ed9-40ff-b74c-b9d9931db3d4,11.0
792,M.Eng2,5QREA,34306561-77bc-4448-9952-7cf9ce822d40,19.8
793,B.Eng2,4JKJN,428d86aa-ffc9-4809-b51f-8f3f2098274f,5.4
794,B.Eng1,4YBIW,7195bfd2-1916-4e7b-b164-9d2a9b2ccefe,9.9
795,B.Eng3,4BXUR,7c3531a3-d3cf-4603-a579-be343bd20111,5.6
796,M.Eng1,5LKWS,02477016-9d26-438e-a5ed-9c94fa92a283,6.4
797,B.Eng2,4RNAO,5ae6527a-3b10-4519-84b6-b6c69d082746,10.0
798,B.Eng1,5DZZH,802cdb03-0249-4593-b43a-4e7c8b8df591,10.9
799,B.Eng2,5LZWP,f57e6e60-078e-44e5-864f-c3b154217b8b,7.4
800,B.Eng2,5OKFT,862738d2-3686-4a9c-921e-7565e0b50e2b,20.5
801,B.Eng2,5LZWP,99314d5a-0181-4e36-8ed6-17a4f460e2f2,3.9
802,M.Eng1,3TMAV,f3d6c2e3-2e34-4d40-8375-f520b7ae525a,5.7
803,M.Eng1,5BDYU,4845b9c8-0e73-456c-8010-346a75654c44,5.6
804,B.Eng1,4MLIR,96ad38e7-b9f9-4d6d-89a4-42fedae1f2fb,6.7
805,B.Eng3,4CLUV,f1cd1632-c1b7-4320-bee8-a513e5167e75,16.8
806,M.Eng1,1ALQN,0852a98f-1ec0-4784-b883-2114479e69b1,9.6
807,B.Eng2,4QYJH,a3cea985-2133-455d-8642-93e695a282aa,24.6
808,B.Eng3,4AJLM,2db36eb0-1a67-4c36-a4e5-e30f5a3cf3be,14.4
809,B.Eng2,3ARAO,a2e7ceb4-df90-45f3-b73e-60dac61791fd,10.8
810,M.Eng1,5LKWS,6c593966-d048-45dc-97db-81f893d8bef1,17.7
811,B.Eng3,5JUUF,d92a96a2-e6f2-418c-8813-87711adb61de,9.6
812,B.Eng1,5AKYM,abff260c-e2ac-4267-abb2-c8593d99c7de,3.9
813,B.Eng3,5JGSI,bd4b7ad9-3634-4d94-a6bc-0660173687c2,11.0
814,B.Eng3,4WQVJ,50f898ac-cded-4ce8-beec-b3a1f80fd0c8,6.0
815,B.Eng2,3ARAO,74258e6b-0852-40d0-a67d-c8189866a3fb,12.2
816,B.Eng2,5OKFT,722f4cc2-a126-40d0-8831-f2c022197053,-0.7
817,B.Eng2,3IYIO,6dfce27f-ea7a-4f8f-a972-f7b94835f4e7,5.8
818,B.Eng3,4LNUX,52cb19db-41c6-43f2-b299-eefaf10f1135,14.6
819,M.Eng1,4PLUS,65ae1a8f-aaf2-476b-b6f6-489873897c54,5.8
820,B.Eng3,5JGAZ,fabf0e8c-21ed-4bc5-bca4-37a2158ec0cf,3.4
821,B.Eng1,5DZZH,f7697695-62d4-4669-b268-bc5a5dd1cedc,12.7
822,B.Eng3,5AXON,5bba7890-6dcb-477f-af05-b8d749364a0d,7.1
823,B.Eng2,3LAXV,97bb8b05-3437-4688-b1d1-c00ddab6135c,0.1
824,M.Eng2,5PHYC,fe141027-7c25-4378-ae73-8d6f9550730c,5.3
825,M.Eng2,5AYKU,d47ea920-ed13-4ac2-bd5b-6296eb627f1b,5.8
826,M.Eng1,4PLUS,1da476c0-1066-4331-909e-45798a20a00c,2.8
827,M.Eng2,4LSRE,6938006f-26ee-41e0-b87a-1e45b03196cf,10.5
828,B.Eng3,5OEUV,26ff7e41-d401-4ec3-9b3e-c70b33b29662,3.7
829,B.Eng1,4MLIR,05b6c057-8de5-402e-8937-2e766bc1dd76,6.7
830,B.Eng2,3HFIY,5be026be-7098-4d60-9560-fa60a471515a,11.8
831,B.Eng1,5LMEO,4d0b6157-4927-4f73-884b-7f7cb1e56482,13.0
832,M.Eng2,4JSHO,c5c14a7f-cbfa-47ce-9848-807cc51510e3,7.9
833,M.Eng1,5IITC,f1cd1632-c1b7-4320-bee8-a513e5167e75,8.5
834,M.Eng1,4OJKV,37583666-eac1-45b5-833d-f428b8152364,7.6
835,M.Eng2,3AQBS,7c5d86ae-9602-4902-a7a5-411d7e99ee86,2.6
836,B.Eng1,4MLIR,26ce7e01-6621-42c4-9731-963956551a3b,15.2
837,M.Eng2,2IXET,7c3531a3-d3cf-4603-a579-be343bd20111,4.6
838,M.Eng1,4EPKM,52f081d5-7ded-426e-a226-fb7a965c660a,10.9
839,B.Eng3,4WQVJ,3e770baf-a495-4847-9a26-25fb1b8d976d,20.6
840,B.Eng3,5AXON,956e1f07-536c-4e13-9fc7-eca130c87fb9,9.8
841,B.Eng2,5WWSZ,9c33c8f8-625b-446c-9278-5f3f594121d3,13.7
842,B.Eng3,5DLVB,7f59a172-b3e4-4ba0-85f7-befd94ebc543,12.5
843,M.Eng1,4PLUS,b3d17010-8c30-4c42-8b78-3ba6b2ee2d26,7.9
844,B.Eng3,5UPBZ,05037d1c-ac40-485a-95c2-9b060dd70c30,17.1
845,M.Eng1,4PLUS,f80909fb-920a-41b5-b748-ea9ab5c2b242,9.0
846,M.Eng2,5QREA,37583666-eac1-45b5-833d-f428b8152364,10.4
847,M.Eng2,2GCWZ,856f8091-934c-4397-809f-f88a6305ef14,15.2
848,B.Eng1,5DZZH,8fd73d76-4c95-4ef7-addd-e094ee7e7d1c,13.9
849,B.Eng2,3LAXV,689b21b5-91b2-4e37-84c3-4856d2a2598f,6.7
850,B.Eng3,4WQVJ,caf5edbb-0a66-48dc-9884-8eb97fd3baad,9.9
851,B.Eng1,4MLIR,4ebc73c9-2967-4360-9b7d-e5cd6a2c0aec,6.9
852,B.Eng3,4LNUX,8755dffc-8c87-45e1-ab63-d012d6643457,14.2
853,B.Eng2,5DSVZ,fcc00eb2-169f-47b0-80fc-e9f8f3cb8a85,17.6
854,M.Eng2,2IXET,3565d8d3-25da-46b1-ab58-bc0c969b7e16,0.6
855,B.Eng2,3LTXM,67af8684-4873-49be-b120-9aaa453b7daa,9.5
856,B.Eng1,5NZYN,b506b82e-a42a-4a29-b4ea-f5e5fa48991c,7.8
857,M.Eng2,5NDXE,bff8aeb3-6f05-4440-9ba2-c46584984443,8.8
858,B.Eng2,3HFIY,d1325f2d-31b2-45f2-81e2-1d715e1d7719,0.3
859,M.Eng1,5XXHJ,3fd730c6-d2bb-4660-9089-57b6b75b1bc9,21.7
860,B.Eng3,5PWMY,e720313d-3274-47fd-9392-6d0e45e414ff,8.5
861,B.Eng1,5SKRT,b506b82e-a42a-4a29-b4ea-f5e5fa48991c,8.4
862,M.Eng1,5KVHK,c0be3fe8-7975-4917-976c-c58c39e713d0,8.8
863,M.Eng2,4JSHO,4ac6aad6-c6a2-44c4-9055-92e6cf04c3e2,7.7
864,M.Eng2,2GCWZ,e1cf77cc-ead5-4fbd-b898-bdad6096683f,-0.3
865,B.Eng3,5SNOJ,e14ffc8f-35d1-488c-8914-a54350fcbcbb,6.9
866,M.Eng1,3TMAV,753d664f-fced-4000-a11f-94779d577727,17.7
867,B.Eng3,5AXON,78f5d9fc-ba01-4290-9451-ab3d7df496ad,3.4
868,B.Eng2,5DNGM,48b43ed8-5088-4366-8580-6dbbefa5740d,9.0
869,B.Eng3,5PWMY,e720313d-3274-47fd-9392-6d0e45e414ff,10.8
870,B.Eng3,4AJLM,81557426-7358-4d79-918b-83fd3ee88c16,8.1
871,M.Eng2,1DASR,03c73294-6500-4490-b0bf-4c250394a695,9.3
872,M.Eng2,4JSHO,26ceee72-4822-4394-a23d-417e73909cfc,11.9
873,B.Eng2,3IYIO,87046748-8aad-49a5-a6c5-2b3d957382f5,12.7
874,M.Eng1,4VYMF,325efc36-b92b-4707-b44a-d034a91f5297,12.8
875,M.Eng1,4OJKV,a0c63ce6-165e-47a8-81c8-51981f9200cb,-1.1
876,M.Eng1,4EPKM,689b21b5-91b2-4e37-84c3-4856d2a2598f,6.9
877,B.Eng3,5UMPK,0e593084-462c-4341-a005-d9ae260bc067,-0.9
878,B.Eng1,5DZZH,12d37696-9a9d-4230-971b-5a5c3d9f145c,4.4
879,B.Eng1,5FFNY,4d177588-72f7-43c9-9774-2683ee9f9c4b,8.8
880,B.Eng1,1PPMR,c02b00a0-78d5-4722-a0d2-d2da21cb6e9f,11.4
881,B.Eng3,5UPBZ,3d86929a-ab08-4de1-86ed-d237f31c975f,9.6
882,B.Eng2,4QYJH,26dee0c2-6fe1-4662-a81c-b6b336d81e0f,10.3
883,B.Eng2,4JKJN,35599a12-e197-4faa-8881-09a80f55901b,9.9
884,B.Eng3,5UPBZ,868a8f5d-fe53-4463-a942-0d809e12382f,5.8
885,M.Eng2,5DXPR,0b9ccd8e-65a1-4414-ab26-52675b3b7174,12.9
886,M.Eng2,5QREA,0e0b01e2-08dd-4715-952c-c3fa16776909,12.0
887,B.Eng1,5SKRT,8721d903-f6af-48db-bb99-b201f9d5f408,12.1
888,B.Eng2,4RNAO,4ec64e7e-27b9-4d9b-99ed-1c3dcc6adaac,13.4
889,B.Eng3,5UMPK,0e0b01e2-08dd-4715-952c-c3fa16776909,7.7
890,B.Eng2,5ECVK,b25b0580-b0b7-4603-8e25-48e79f7b29cd,10.9
891,M.Eng1,5YMGB,109b2022-83e7-45c9-807b-164063d22f05,16.2
892,B.Eng3,5PWMY,707440f6-c120-4fa1-b290-278e06c8d110,3.3
893,M.Eng2,5KRBI,b32c7bbb-ba5a-494b-9f76-b806b8572c1c,4.6
894,M.Eng1,5MIJJ,b6094782-b558-4d4c-bc93-6a365998c672,15.8
895,M.Eng1,4ZOXR,b705cedb-faca-47f5-a262-0ceddd2a40d6,10.6
896,M.Eng1,5LKWS,681cf256-a584-44b3-87ea-9ed2b6b5ac2f,14.1
897,M.Eng1,5MXYX,2a8f1aa9-346d-40c2-bb9a-de0ba71620c3,8.1
898,M.Eng2,4TTHS,7c5d86ae-9602-4902-a7a5-411d7e99ee86,10.2
899,B.Eng3,4AJLM,fa25da50-c03f-4ff6-89a6-147db65a0f81,10.3
900,B.Eng1,5AKYM,db43bc2b-7264-4075-8df8-6101e8a993ad,9.1
901,B.Eng1,5XYKX,87046748-8aad-49a5-a6c5-2b3d957382f5,1.0
902,B.Eng2,4RNAO,1c65ab5b-4efd-4838-9a3e-000b5ce8a614,16.7
903,B.Eng2,5XRVS,8a17094b-fca5-4bd5-af8f-3385e0ee6d4a,12.8
904,B.Eng3,5JGSI,e66b2470-ab53-46b9-94bd-516d741352f5,19.6
905,M.Eng1,3TMAV,681cf256-a584-44b3-87ea-9ed2b6b5ac2f,2.5
906,B.Eng1,5SKRT,d99fb094-bb1a-4d61-a5da-216271d58c1b,0.0
907,M.Eng2,4LODA,81e790a9-9c90-44bd-b6f3-aec4442e9223,9.3
908,B.Eng1,5SKRT,93a0cb87-8e21-42e0-9695-f41fd6ae4554,12.5
909,B.Eng2,3LAXV,7fb45fc3-c3b8-400f-a661-774705952e42,8.4
910,M.Eng2,3AQBS,b77d0c5b-f73a-41b7-a1b4-76b7a39418da,8.6
911,M.Eng2,1DASR,0356d80e-0723-4f99-912d-2386e07f88be,10.0
912,M.Eng2,5DXPR,335d1262-bd8a-4f92-9091-0442cf4aac80,11.8
913,M.Eng1,4PLUS,372407f5-9579-4729-9dca-11b72954a6c1,10.0
914,M.Eng2,3MDOM,a50f8efe-7a37-4d68-82ba-8b688bb6244a,22.5
915,M.Eng2,3MDOM,f827e430-d021-417f-9063-a4c385f2ab0b,5.7
916,B.Eng3,4CLUV,00190731-c2f4-4b49-a8de-fc38ae595994,4.3
917,M.Eng2,2IXET,844630c0-5a87-454e-b9cc-65b5cadc856b,19.7
918,M.Eng2,1DASR,5904819b-80cf-46db-9a7a-829ab43ade35,14.9
919,B.Eng2,3IYIO,3c99402f-2b81-4da8-bdc2-ca04ec03b121,10.7
920,M.Eng1,5MXYX,34af3ddb-e742-4daa-b658-57c759ff3736,10.7
921,B.Eng2,3ARAO,1c65ab5b-4efd-4838-9a3e-000b5ce8a614,10.8
922,M.Eng1,5KVHK,8006efa3-f22a-42dc-93e3-3ebf477d535c,10.6
923,M.Eng2,2CFAH,10ae632c-211f-4f35-a04c-ee93edee1066,1.4
924,B.Eng3,5AXON,90d8d2f5-6be6-4cdc-81be-15843af81a80,15.2
925,B.Eng3,4AJLM,707440f6-c120-4fa1-b290-278e06c8d110,6.8
926,M.Eng2,5AYKU,f2fd8a80-6b57-4951-8dc4-cce12ffb69d0,11.1
927,M.Eng2,3MDOM,31650880-34b5-4a5d-ba23-21f4f3468a72,12.3
928,B.Eng3,5AXON,f3a7f173-4fd0-434c-9662-a7579d173697,22.3
929,B.Eng1,5FFNY,04312c86-5303-48fe-8848-650895b88d41,9.6
930,B.Eng2,5LZWP,b1ad9278-cbb5-4075-80f1-b7daa8be877f,1.4
931,M.Eng1,3TMAV,2a8f1aa9-346d-40c2-bb9a-de0ba71620c3,5.8
932,B.Eng2,2JIOH,baba43cb-f41e-479c-88ad-5341924933a2,17.8
933,B.Eng2,4ATOY,fd3e1271-5fdb-4473-9c74-6a439a513a64,7.8
934,B.Eng2,3LAXV,1cf4c6ef-6192-4787-b4be-fc4cda616115,10.8
935,B.Eng1,3YORQ,3041aaca-e40a-425f-8322-ea5713620a0c,8.4
936,M.Eng2,1DASR,ef4e7ec5-b282-4b6b-90a7-04a02ef1360d,2.4
937,M.Eng2,3MDOM,c56084de-c01b-4a63-b550-635295706849,8.7
938,B.Eng1,5AKYM,2ecd52e2-e85c-4691-ac48-5f7a5bc0f3b9,7.5
939,B.Eng3,4BXUR,7b6a0f1e-f5b6-4dc7-a5bd-7b1b4433e5cb,12.9
940,M.Eng1,5XXHJ,49d5208b-6cb9-401b-b211-fe07cb1ea0a0,14.3
941,B.Eng1,5LMEO,b6094782-b558-4d4c-bc93-6a365998c672,7.2
942,B.Eng2,3LTXM,4ebc73c9-2967-4360-9b7d-e5cd6a2c0aec,6.8
943,M.Eng2,4JSHO,85d66527-2d3d-4c5a-b07a-6b94eb3aebcd,6.5
944,M.Eng2,4LSRE,7c9d5f5b-bdd5-41ad-8fa9-1eae4db244eb,8.1
945,B.Eng1,5UYPC,d9f15085-0948-4567-8ecc-571a6ea5f909,9.2
946,B.Eng1,5NZYN,1755d282-d554-4f43-9ba3-621df2bbc21f,9.7
947,B.Eng2,5FCNI,f598554f-29a3-4793-977a-420bcb3dca6a,15.3
948,B.Eng1,5NZYN,a13a45d3-589b-475a-9dd3-a35c2f32cf11,6.7
949,B.Eng3,5AXON,cd911f7e-cceb-4d20-ba2c-e53c6d523c86,18.7
950,M.Eng2,4TTHS,0efa3246-f7fd-4168-863e-b96aa3e89de6,5.8
951,B.Eng2,5DNGM,544b1ad8-9b89-420b-9db6-b18c6e93ce12,18.1
952,B.Eng2,3IYIO,320db2ed-bc25-46db-9e69-44b562e7e65d,16.1
953,B.Eng3,4BXUR,c90c3fa7-1e35-4329-b56a-bdc94cdf18a1,14.5
954,B.Eng2,5XFJO,adcb5201-ac3c-49bd-bd59-519cdf095da1,5.3
955,B.Eng3,4BXUR,e15a72d1-4d1e-44bb-95f7-87717793680a,14.5
956,M.Eng1,5MXYX,c7a398cc-d167-4738-a1e1-bf6c84ec5485,13.6
957,B.Eng1,5NPUG,d1494d27-a4f2-4923-99b3-48b436100b85,12.7
958,M.Eng2,3AQBS,6aaa81cd-cecf-4123-b6ac-391d41a6f4a6,7.6
959,B.Eng2,4VNXY,18408d25-1d56-417b-ba01-1411fca695be,7.4
960,B.Eng1,4EKBS,fec54dfd-e6b9-45b5-8822-69efc1d5ce84,12.3
961,B.Eng2,5XFJO,fa25da50-c03f-4ff6-89a6-147db65a0f81,1.4
962,B.Eng3,5DLVB,1f352326-82e3-407d-838c-755ff3edb1fe,11.8
963,B.Eng3,4WQVJ,f2fc9003-1d1c-43b0-9b5d-bb1cc4f884ed,13.6
964,B.Eng3,5AXON,96ad38e7-b9f9-4d6d-89a4-42fedae1f2fb,10.6
965,B.Eng1,5NVBO,66fcfb5f-845b-43bd-a1a9-331e60737708,14.2
966,M.Eng2,5PHYC,9d6d9615-9c5d-411e-b815-adda07d77d0a,16.8
967,M.Eng2,2CFAH,2a8f1aa9-346d-40c2-bb9a-de0ba71620c3,17.9
968,B.Eng1,4YBIW,acec50f9-00a1-429e-a9ee-dcb56dbe5196,13.5
969,M.Eng1,4PLUS,1648091b-bd30-4f52-af24-464fec503045,14.7
970,M.Eng2,3MDOM,d9f15085-0948-4567-8ecc-571a6ea5f909,3.8
971,B.Eng2,4VNXY,752c9350-45ab-4e0f-beac-a9e8a9a9fea1,4.7
972,B.Eng2,3HFIY,24191800-0c81-456e-b6cb-83090afe4b94,0.5
973,M.Eng2,4TTHS,ee499baa-9e53-4206-82dd-be55fc2e844c,6.0
974,B.Eng3,2ULJN,7aa4bfda-d577-42c3-bd8b-79c5347c27c2,1.5
975,M.Eng2,2IXET,8dca27bc-a573-4c39-845f-16ee420ef4cf,14.6
976,B.Eng3,5UPBZ,e709f205-e1c9-4f85-a2ac-1cc75ba56905,7.9
977,M.Eng2,1DASR,802693fb-3a6f-4aa0-9892-c25a06fe0ef1,10.4
978,B.Eng1,5LMEO,3c5ddd7d-64d2-492f-adb1-8c6e7efbab85,8.6
979,M.Eng1,3TMAV,8755dffc-8c87-45e1-ab63-d012d6643457,9.1
980,B.Eng1,4EKBS,97bb8b05-3437-4688-b1d1-c00ddab6135c,10.6
981,B.Eng2,5SRSG,db9ffeb4-0691-4c20-9915-06f65f0e2c50,12.7
982,B.Eng1,5NZYN,11966434-975b-40ea-9316-637934695c71,17.1
983,B.Eng3,5RMVR,b77d0c5b-f73a-41b7-a1b4-76b7a39418da,10.2
984,B.Eng2,5LZWP,371b49c5-c767-4b00-8e3b-68875c947e82,2.4
985,B.Eng1,4YBIW,56f8066c-207a-476c-835d-cb48ebfd2417,18.0
986,B.Eng3,5RMVR,422d0edd-32b9-44f4-b110-a38ab3eddf74,13.5
987,M.Eng1,5IITC,e720313d-3274-47fd-9392-6d0e45e414ff,9.4
988,B.Eng2,4QYJH,cde35745-c6ba-4cce-b572-f857a50bfb21,10.0
989,B.Eng1,1YWFZ,f44f2fa6-232e-461a-9148-c39555241d4f,1.2
990,B.Eng1,5UYPC,455bc8bf-9e62-4685-966d-b2cc61f9fcf5,1.6
991,B.Eng2,5LZWP,ad088e5c-0fbd-4209-85c9-276c02cb74d4,-0.5
992,M.Eng2,4HEED,7fc519ce-b8ac-4d6f-85dc-312a568ea4b9,9.1
993,B.Eng2,3HFIY,16e5990e-679b-47d2-9864-8561f452bf05,9.0
994,B.Eng1,4ALAM,68d7edfc-6651-441d-bb62-e6d959ca7b93,16.7
995,M.Eng2,5AYKU,f1cd1632-c1b7-4320-bee8-a513e5167e75,8.7
996,B.Eng2,2JIOH,54344535-eea8-4b83-a3b3-53889a14e338,9.9
997,B.Eng2,5XFJO,7a93a1c6-074f-456c-88cd-c7ed4cd266c5,7.3
998,M.Eng2,1DASR,34306561-77bc-4448-9952-7cf9ce822d40,4.7
999,M.Eng1,5XXHJ,753d664f-fced-4000-a11f-94779d577727,8.3
1000,M.Eng1,5MIJJ,ebaf7660-e275-487b-acc8-6b09faa08aa4,13.5
